age,tenure_months,account_balance,avg_monthly_deposits,avg_monthly_withdrawals,days_since_last_transaction,customer_support_tickets,churned,location_Entebbe,location_Gulu,location_Jinja,location_Kampala,location_Mbarara,location_Nairobi
56,16,164973.44,126519.53,125385.81,9,1,0,0,0,0,0,0,1
69,94,624066.86,244587.23,157277.57,15,0,1,0,0,0,1,0,0
46,40,5779.51,510702.02,54064.41,36,1,1,0,1,0,0,0,0
32,2,262781.22,30628.9,92422.83,78,1,0,0,0,0,0,0,1
60,81,1288687.78,72550.64,49138.07,76,0,1,0,0,0,0,0,1
25,41,59324.55,29989.5,69160.43,76,1,1,0,0,0,0,0,1
38,12,363273.8,189354.38,26070.88,31,0,1,0,0,0,0,0,1
56,35,772111.64,73143.43,325154.96,46,0,1,0,0,0,0,0,1
36,107,1428257.48,78937.04,1509.13,71,0,0,0,0,0,1,0,0
40,65,686741.67,14711.22,321081.65,42,0,0,0,0,0,1,0,0
28,55,637493.77,86093.84,127182.31,81,1,0,0,0,1,0,0,0
28,45,875754.52,396821.19,60443.25,35,0,0,1,0,0,0,0,0
41,79,295476.94,53072.68,192591.6,25,0,0,0,0,0,1,0,0
70,90,819548.03,237611.67,106315.94,9,2,0,0,0,0,1,0,0
53,101,3998.15,198649.66,103704.91,30,0,0,0,0,0,0,0,0
57,85,1292215.82,398263.58,17504.05,28,0,0,0,0,0,0,0,1
41,62,292870.24,28379.07,74025.49,4,1,0,0,0,0,1,0,0
20,49,403023.79,759649.24,41375.74,76,1,0,0,0,0,1,0,0
39,95,147106.51,174755.78,2373.06,0,1,0,0,1,0,0,0,0
70,25,678427.65,1079590.08,66966.42,86,2,1,0,0,0,0,0,0
19,23,39865.77,484983.83,14117.29,2,1,1,0,0,0,1,0,0
41,24,1030352.3,50081.69,44524.58,66,0,1,0,0,0,1,0,0
61,38,880470.14,11560.15,14562.0,70,0,1,0,0,0,1,0,0
47,28,121711.47,59045.85,15961.1,34,1,1,0,0,0,0,0,0
55,21,828590.86,149970.45,33286.26,14,1,0,0,0,0,1,0,0
19,54,771726.16,37650.95,1319977.67,66,1,0,0,0,0,1,0,0
38,107,500130.55,36654.74,327.98,29,1,0,0,1,0,0,0,0
50,18,233819.36,124200.12,152695.64,81,0,1,0,0,0,1,0,0
29,36,158382.97,6766.79,22840.51,74,1,1,0,0,0,0,0,0
39,99,131841.9,25996.24,380041.7,42,2,0,0,0,0,1,0,0
61,45,191809.46,107523.38,14746.63,59,1,0,0,0,0,1,0,0
42,119,1169409.04,13042.13,465374.69,39,0,0,0,0,0,1,0,0
66,73,40410.26,101086.39,141598.01,64,2,1,0,1,0,0,0,0
44,53,882669.62,128493.2,190.33,28,0,0,0,0,1,0,0,0
59,102,214538.4,120028.52,336657.61,73,1,1,0,0,1,0,0,0
45,30,368653.41,406778.73,110631.27,18,1,0,0,0,0,1,0,0
33,60,791119.67,151031.1,45707.91,2,1,0,0,0,0,0,0,0
32,108,1078708.23,126215.01,218687.36,35,1,0,0,0,0,1,0,0
64,98,211393.19,105767.12,391908.73,42,0,0,0,0,0,1,0,0
68,32,309802.92,340336.28,99157.43,14,2,0,0,0,1,0,0,0
61,67,267658.27,450866.83,56871.71,40,1,1,0,0,0,1,0,0
72,67,6669.81,383794.7,233345.57,89,1,1,0,0,0,1,0,0
69,28,175447.9,223893.6,171754.44,79,0,1,0,0,0,1,0,0
74,44,307342.92,29551.97,329399.65,35,0,1,0,0,0,1,0,0
20,79,264744.02,64833.24,176898.86,83,1,1,0,0,0,1,0,0
54,41,639939.81,9431.54,41863.53,76,0,1,0,0,0,0,0,1
68,63,242906.87,534220.48,402487.36,32,2,1,0,0,0,0,0,1
24,23,336061.33,216232.21,16612.21,4,0,0,0,0,1,0,0,0
38,104,280716.24,274370.14,46784.48,77,1,1,0,0,1,0,0,0
26,75,674742.41,74668.83,110156.2,86,0,1,0,0,0,1,0,0
56,48,993786.45,373711.07,125117.48,13,1,0,0,0,0,1,0,0
35,32,379525.0,60113.83,2314.35,67,0,0,0,0,0,1,0,0
21,57,778973.78,329.02,227510.16,82,1,0,0,0,0,0,0,1
42,118,176047.5,94454.03,67320.25,46,1,1,0,0,0,1,0,0
31,100,389755.32,169148.51,78237.12,53,1,0,0,0,0,0,0,0
67,33,211735.59,130287.78,248612.78,3,0,0,0,0,0,0,0,1
26,24,267389.21,396210.7,71532.1,82,1,0,0,0,0,0,0,1
43,39,659156.88,22276.9,7256.46,8,2,0,0,0,0,0,0,1
70,34,1067107.21,161408.11,29117.79,52,1,0,0,0,0,1,0,0
19,56,64767.06,143889.75,468205.12,76,1,0,1,0,0,0,0,0
37,28,503435.04,66088.13,10951.0,77,2,0,0,1,0,0,0,0
45,37,436308.97,345450.82,65759.75,59,1,1,0,0,0,1,0,0
64,7,63016.95,279550.88,104928.87,45,3,0,0,0,1,0,0,0
24,68,119061.55,263995.87,101969.75,53,0,0,0,0,0,0,0,1
61,37,186258.81,417805.43,595.17,73,2,1,0,0,1,0,0,0
25,56,91319.45,256592.09,104321.3,36,1,0,0,1,0,0,0,0
64,65,139678.07,52751.78,72620.85,22,0,0,0,0,0,0,0,1
52,65,155714.78,244537.85,536758.23,26,0,0,0,0,0,1,0,0
31,47,204491.02,73547.99,26002.92,69,0,0,0,0,0,1,0,0
34,20,691929.57,55460.47,65579.17,89,1,1,0,0,0,0,0,1
53,19,424213.49,15161.12,81575.04,65,2,1,0,0,0,0,0,0
67,29,2143237.22,272537.9,74315.09,60,1,1,0,0,0,1,0,0
57,74,267845.98,248266.38,164416.19,76,1,1,0,0,0,1,0,0
21,60,700937.71,53445.08,36408.76,50,1,1,0,0,1,0,0,0
19,18,1025790.33,276762.7,37475.41,49,0,0,0,0,0,0,1,0
23,92,568123.58,499819.49,195962.28,18,1,0,0,0,0,0,0,1
71,35,265399.16,22864.32,104059.26,0,1,0,0,0,0,1,0,0
59,43,700388.63,52958.97,80461.44,39,1,0,0,0,0,1,0,0
21,111,113869.01,277467.62,27805.48,31,0,1,0,0,0,1,0,0
71,95,198415.37,64180.68,31150.93,21,0,0,1,0,0,0,0,0
46,91,395584.3,195986.72,1591.16,65,1,1,0,0,0,1,0,0
35,11,428314.92,16929.57,14381.89,39,1,1,0,0,0,0,0,1
43,49,11195.14,120369.91,122073.22,37,0,1,0,0,0,1,0,0
61,113,1451250.21,268717.04,333667.5,47,0,0,0,0,0,0,0,1
51,38,596396.55,232000.08,50775.75,54,3,0,0,0,0,0,0,0
27,64,342295.69,337557.85,59568.13,74,0,1,0,0,1,0,0,0
53,69,1352481.74,419850.7,18427.83,80,0,1,0,0,0,1,0,0
31,8,289102.37,296722.79,73808.17,54,0,1,0,0,0,1,0,0
48,34,1967021.09,222697.12,5689.82,50,3,0,0,0,0,1,0,0
65,48,359011.78,6447.31,374426.74,59,0,0,1,0,0,0,0,0
32,116,60680.46,153129.24,167720.35,7,0,0,0,0,1,0,0,0
25,56,723661.6,7685.33,702450.45,85,1,0,0,0,0,0,0,1
31,76,567997.8,330122.64,321610.66,67,1,1,0,0,0,0,0,0
40,102,741373.38,77345.71,96080.53,74,3,0,0,0,0,0,0,0
74,65,1512498.46,165303.43,109996.98,71,2,0,0,0,0,1,0,0
57,31,749148.0,65546.79,31714.87,8,3,0,1,0,0,0,0,0
38,4,472520.81,305111.42,92995.48,89,1,0,0,0,0,0,0,1
33,113,973536.57,435194.94,349999.75,1,0,0,0,0,0,1,0,0
62,109,559274.51,101713.13,7828.81,79,1,1,0,0,0,0,0,1
35,50,262224.89,397441.61,298777.03,69,2,1,0,0,0,1,0,0
64,69,1084113.49,62142.38,62542.88,84,1,0,0,0,0,1,0,0
70,30,125450.41,152997.79,344658.69,89,2,1,0,1,0,0,0,0
41,88,627004.1,391460.97,424227.66,58,1,1,0,0,0,1,0,0
43,59,1066688.97,78869.83,166693.04,18,0,0,0,0,0,0,0,0
42,67,657110.62,616006.62,163785.93,27,0,0,0,0,0,1,0,0
62,75,597465.93,25994.29,90428.62,71,2,0,0,0,0,1,0,0
58,45,698451.81,3688.82,270763.39,13,0,0,0,0,0,1,0,0
46,4,312795.9,468963.6,489004.52,23,2,0,0,0,0,1,0,0
32,26,1036414.46,14223.74,223802.77,43,0,1,0,1,0,0,0,0
62,27,113724.2,962911.65,145904.06,55,1,0,0,0,0,1,0,0
18,46,68131.23,604813.44,140012.82,89,0,0,0,0,0,0,0,1
42,118,168092.29,29472.96,284038.83,50,1,1,0,0,0,0,0,1
24,107,379192.2,154258.34,116872.37,31,2,1,0,0,0,0,0,0
26,64,357248.53,40893.88,244338.9,49,3,1,1,0,0,0,0,0
41,91,859065.2,111777.52,106661.62,40,1,0,0,1,0,0,0,0
18,106,259234.59,12678.53,9671.86,65,1,0,0,0,0,1,0,0
61,51,331158.11,50701.12,72663.34,24,1,0,0,0,0,1,0,0
25,50,6728.92,90282.79,88167.06,60,0,0,0,0,0,1,0,0
41,6,263595.43,115481.25,22905.78,65,2,1,0,0,0,0,0,1
28,59,521741.46,758814.74,16220.71,41,1,0,0,0,0,1,0,0
68,15,7814.92,329912.08,115007.74,64,1,0,0,0,0,0,0,1
34,117,164864.88,267432.24,13348.23,35,0,1,0,0,0,0,0,1
25,30,116569.39,154023.49,54133.68,75,2,0,0,0,0,1,0,0
52,42,21446.15,366513.49,204736.87,8,2,0,0,1,0,0,0,0
52,101,326252.29,82897.99,500447.1,35,0,0,0,0,0,1,0,0
50,37,100277.36,246817.08,189808.41,37,1,0,0,0,0,1,0,0
22,42,679498.26,1016124.94,736460.06,32,0,0,0,1,0,0,0,0
59,101,941700.21,75558.97,179767.2,41,1,0,0,0,0,0,0,1
56,35,394372.4,224182.34,52177.34,60,0,1,0,0,0,0,0,0
58,87,2000627.77,371983.93,167235.28,45,2,0,0,0,0,0,0,1
45,6,299353.75,494930.09,181678.2,85,2,1,0,0,0,1,0,0
24,68,360123.76,253121.91,69717.07,88,1,0,0,0,1,0,0,0
26,18,2264927.19,66705.53,2680.89,60,1,0,0,1,0,0,0,0
25,73,131688.87,78988.78,182204.41,17,3,0,0,0,0,0,0,0
29,113,1428384.8,4195.3,3290.85,69,0,1,0,0,0,1,0,0
51,29,21891.08,286162.95,149620.27,81,0,0,0,0,0,0,0,1
50,77,295644.6,8735.97,26800.2,79,1,0,0,0,0,1,0,0
65,59,36287.23,399981.73,125069.64,14,1,0,0,0,0,1,0,0
72,47,653251.52,25262.5,105150.6,47,1,1,1,0,0,0,0,0
40,116,468768.59,37718.6,2040.87,71,3,1,0,0,0,1,0,0
41,17,613167.6,129453.76,67616.25,12,1,1,0,0,0,0,1,0
54,109,234586.31,267790.89,137853.36,42,0,0,0,0,0,0,0,1
52,96,230606.74,29932.67,283180.98,59,0,0,0,0,0,1,0,0
61,112,23189.16,115989.08,329250.91,56,1,0,0,0,0,0,0,1
57,22,215349.11,131884.96,99203.67,70,1,1,0,0,1,0,0,0
39,68,1324572.84,47723.95,195526.15,16,0,0,0,1,0,0,0,0
44,69,238394.53,24559.75,57069.33,49,0,0,0,0,1,0,0,0
52,37,890017.36,362091.75,62825.05,31,0,0,0,0,0,0,0,0
18,105,923611.26,139618.14,32437.02,21,0,0,0,0,0,0,0,0
52,49,233596.72,2897.13,123812.69,54,0,0,0,0,1,0,0,0
54,13,499820.79,324891.33,56655.06,56,0,1,0,0,0,1,0,0
64,34,50115.51,790504.48,13221.59,12,1,0,0,0,0,0,0,1
31,109,54728.1,186243.41,173280.29,46,1,0,0,0,0,1,0,0
20,86,24940.65,140118.32,184523.5,86,2,1,0,0,0,0,1,0
18,53,434960.19,421429.75,66941.29,61,1,1,1,0,0,0,0,0
22,87,277624.77,609475.82,11973.96,53,1,1,0,0,0,1,0,0
43,51,397072.34,280921.74,83346.7,28,2,1,0,1,0,0,0,0
72,3,368103.75,117920.72,87599.65,21,1,0,1,0,0,0,0,0
31,42,215547.63,179406.18,165696.46,64,2,1,0,0,0,1,0,0
56,98,565784.86,241419.11,56841.67,28,0,0,0,0,0,0,0,1
44,32,710446.8,43202.2,172138.53,47,2,1,1,0,0,0,0,0
26,109,7368.15,118552.17,307760.58,4,0,0,0,0,0,1,0,0
32,51,116118.83,354181.2,40670.17,34,0,1,0,0,0,0,0,0
32,113,624547.62,212683.02,578911.42,73,1,0,0,0,0,1,0,0
43,85,244385.46,105935.12,73254.02,82,1,1,1,0,0,0,0,0
59,46,543071.1,217749.74,46644.38,70,1,1,0,0,0,0,1,0
30,108,213060.48,25163.08,82100.41,45,3,1,1,0,0,0,0,0
68,21,247767.52,102664.95,14873.22,34,0,1,0,0,0,0,0,1
49,44,86390.93,315131.53,20150.77,44,0,1,0,0,1,0,0,0
56,11,149358.72,49822.77,80276.47,12,3,1,0,0,1,0,0,0
66,103,464956.24,41149.53,215603.11,9,0,0,0,0,0,1,0,0
69,68,283841.85,602448.2,345856.86,65,0,0,0,0,1,0,0,0
49,115,744280.24,47118.55,163962.24,69,3,1,0,0,0,1,0,0
21,1,957251.62,60469.44,16676.54,71,1,1,0,0,0,0,0,1
47,92,390057.19,698767.42,167220.29,24,0,0,0,0,0,1,0,0
54,63,709961.34,265385.26,151354.65,43,1,0,0,0,0,1,0,0
40,24,183293.75,240525.76,245802.14,59,0,1,0,0,0,1,0,0
56,99,268047.11,383364.41,261658.69,46,2,0,0,0,0,0,0,0
62,13,623749.36,24619.62,303973.95,39,1,0,0,0,0,1,0,0
32,111,244052.84,244805.33,80198.99,6,3,0,0,1,0,0,0,0
60,98,443979.13,140110.35,179531.9,45,0,1,0,0,0,1,0,0
46,11,102512.33,353394.61,46847.53,22,0,0,0,0,0,1,0,0
53,100,457859.59,141912.93,1097647.52,82,1,1,0,0,0,0,0,1
30,51,988491.96,193643.87,28916.57,45,1,0,0,1,0,0,0,0
49,17,1014905.45,129918.76,1524.89,85,0,0,0,0,0,1,0,0
24,99,644301.52,130078.44,24167.76,12,2,0,0,0,0,0,0,0
68,82,684725.27,292177.7,224330.89,20,1,0,0,0,1,0,0,0
39,104,408140.63,198077.03,88800.93,0,0,0,0,0,0,0,0,0
45,86,439338.65,200622.17,88995.34,18,1,0,0,0,0,1,0,0
19,24,71733.48,119670.15,465240.34,59,2,0,0,0,0,1,0,0
59,19,293366.88,151477.2,378176.31,32,0,0,0,0,1,0,0,0
62,37,299624.71,273862.02,55919.5,3,1,0,0,0,0,1,0,0
74,103,1591004.85,349672.1,35179.62,2,2,0,0,0,1,0,0,0
70,85,282013.76,238515.2,283057.84,51,1,0,0,0,0,0,0,1
23,8,398523.99,515596.56,354699.51,27,0,0,1,0,0,0,0,0
45,28,380982.25,343320.11,117000.96,69,0,1,0,1,0,0,0,0
45,5,506348.12,165045.09,148904.39,69,1,0,0,0,0,0,1,0
61,17,689625.28,222586.51,44541.58,54,2,1,0,0,0,1,0,0
61,101,127473.14,521572.96,242018.91,56,1,0,0,1,0,0,0,0
37,36,376156.13,193079.41,150000.76,86,0,1,0,0,0,0,0,1
47,118,874113.57,348373.35,105029.85,15,1,1,0,0,0,0,0,1
28,19,310985.41,233470.65,9298.63,23,4,0,0,0,0,0,0,0
72,64,163182.03,160564.0,371424.68,68,2,1,0,0,1,0,0,0
45,91,531683.98,55371.69,143352.77,40,2,0,0,0,0,0,1,0
42,117,867975.27,111024.31,32107.34,76,2,0,0,1,0,0,0,0
56,98,32610.87,686802.95,139857.73,46,2,1,0,0,0,0,0,1
50,11,749822.21,214451.75,169730.78,75,2,1,0,0,0,0,0,1
18,54,861997.89,166204.06,111909.53,68,0,1,0,1,0,0,0,0
74,45,309505.18,540483.1,189931.36,30,1,0,0,0,0,1,0,0
44,47,2046342.67,176625.25,130645.25,29,1,0,0,0,0,1,0,0
74,12,772547.38,149344.41,442813.54,17,2,0,0,0,0,1,0,0
69,118,742864.16,284849.81,8278.88,43,1,1,0,0,0,1,0,0
30,21,688842.91,249421.73,16848.66,26,1,0,0,0,0,1,0,0
58,118,81617.3,42925.98,28614.46,25,1,1,0,0,0,1,0,0
20,11,122458.75,127469.95,175760.25,59,1,1,0,0,0,1,0,0
56,103,311801.35,127927.14,155597.61,17,1,0,0,0,0,1,0,0
23,92,153265.54,95035.24,333925.38,88,0,0,0,0,0,0,1,0
25,5,268277.72,145669.29,198007.16,55,3,0,0,0,0,0,0,1
44,81,1096704.43,106582.69,106499.9,30,3,0,0,0,0,1,0,0
26,56,869565.18,44465.15,721125.87,58,3,1,0,0,0,0,0,0
54,20,497180.03,106330.36,46409.0,1,0,0,0,0,0,1,0,0
50,41,976388.21,15004.41,268636.47,38,0,1,1,0,0,0,0,0
68,46,765711.84,171503.38,83475.57,60,0,0,0,1,0,0,0,0
59,12,280169.84,384357.07,156932.21,62,1,0,0,0,0,1,0,0
61,70,112237.94,258405.73,194890.11,17,0,1,0,0,0,0,0,1
41,17,360980.2,89380.6,150667.54,16,0,1,0,0,1,0,0,0
32,115,666336.77,18219.48,22711.94,38,0,0,1,0,0,0,0,0
71,19,286722.64,45166.78,87765.31,70,0,0,0,0,0,0,0,1
49,26,549464.03,157707.22,123638.24,53,2,0,0,0,0,0,0,0
49,48,49538.72,46400.81,283614.79,75,1,0,0,0,0,1,0,0
41,108,689172.49,157040.7,87952.51,34,0,0,0,0,0,0,1,0
58,108,837558.19,52688.72,376528.69,10,2,0,0,0,0,1,0,0
69,52,613514.71,377994.28,87073.05,60,1,0,1,0,0,0,0,0
66,96,1709633.64,101257.68,119369.99,43,3,0,0,0,0,0,0,0
66,70,876227.24,56353.42,238655.5,67,3,0,0,0,0,0,0,0
69,55,1167005.52,334609.96,131224.71,24,3,0,0,0,0,0,0,1
29,100,1355811.41,83965.24,483651.38,47,2,1,0,0,0,1,0,0
56,102,808100.34,23641.35,161969.68,31,2,1,0,0,0,1,0,0
19,75,560826.1,168984.57,110944.48,83,1,1,0,0,0,1,0,0
20,33,2867.5,174246.36,3581.21,3,4,0,0,0,0,1,0,0
66,62,313516.59,250839.77,80096.97,37,1,1,0,1,0,0,0,0
54,88,423338.38,54945.12,53340.27,62,0,1,0,0,0,1,0,0
66,23,181224.56,117315.16,206811.84,46,3,0,0,0,0,1,0,0
73,15,191439.39,66359.65,35031.68,0,0,1,0,0,0,0,1,0
34,27,1624144.8,16883.76,34453.51,2,1,0,0,0,1,0,0,0
66,75,1111475.23,418487.24,31519.12,85,0,0,1,0,0,0,0,0
19,64,945830.81,261031.23,20135.28,61,2,0,0,0,0,0,1,0
19,115,260447.91,71753.44,55878.63,63,1,1,0,0,0,1,0,0
45,114,6896.62,182944.89,325631.08,16,1,0,0,0,0,1,0,0
71,81,41811.61,44944.91,223700.55,77,0,1,0,1,0,0,0,0
40,51,187125.95,441885.67,199346.08,61,2,0,0,0,0,0,0,0
54,53,7934.07,24412.36,239431.47,34,0,1,0,0,0,1,0,0
49,78,8649.27,768.91,47087.05,12,0,0,0,0,1,0,0,0
50,91,1242073.28,139434.33,327642.58,34,0,1,0,0,0,1,0,0
18,82,612357.39,174995.13,22153.83,42,1,1,0,0,0,1,0,0
36,92,184775.88,173008.01,61499.09,1,0,0,0,0,0,0,0,1
19,51,71153.22,11210.8,132554.7,55,2,1,0,0,0,0,0,1
70,47,358346.84,75388.3,16289.04,76,2,1,0,0,0,0,0,1
61,111,2680.25,138309.27,196472.34,50,1,0,0,0,0,1,0,0
43,4,1393658.27,48817.06,73468.77,53,0,1,0,0,1,0,0,0
49,7,267913.72,412125.35,230153.51,15,0,0,0,0,0,1,0,0
23,109,257362.4,18227.82,101855.96,17,1,0,0,0,0,1,0,0
49,35,247634.96,133645.82,29927.7,6,0,0,0,0,1,0,0,0
72,48,35924.36,235152.27,199069.05,44,1,1,0,0,0,0,1,0
21,73,508500.81,60694.85,43581.72,35,0,1,0,0,1,0,0,0
72,72,660260.09,195761.32,101240.2,40,0,0,0,0,1,0,0,0
28,116,563699.43,353669.32,11780.73,41,1,1,0,0,0,0,0,0
73,45,74502.67,42227.43,144297.85,6,1,0,0,0,0,0,0,1
34,81,432371.43,498315.19,164428.28,14,2,1,0,0,0,1,0,0
55,81,421385.96,161289.4,71384.96,59,0,0,0,0,0,0,0,1
41,113,1014035.12,71115.68,463252.09,39,0,1,0,0,0,1,0,0
22,97,238314.89,112725.16,310922.24,82,0,0,0,0,0,1,0,0
69,96,232198.44,74849.08,184619.87,36,0,1,0,1,0,0,0,0
51,72,481857.68,258277.7,187582.15,65,0,0,0,0,0,0,0,1
23,19,501295.71,318222.04,43633.42,54,0,1,0,0,0,1,0,0
39,63,316765.28,357877.33,160422.94,76,1,1,0,0,0,1,0,0
28,38,292648.31,850455.97,33135.58,79,1,0,0,0,0,0,0,0
65,67,340755.25,313356.44,23323.3,55,0,1,0,0,0,1,0,0
33,59,986803.65,183951.38,1130800.23,43,0,0,0,0,1,0,0,0
50,69,309174.7,82866.96,146078.42,56,1,1,0,0,0,0,0,1
26,13,1406137.28,157313.83,84578.03,5,0,0,0,0,0,0,0,1
23,47,350593.47,8387.06,50986.27,31,2,1,0,0,0,0,0,1
33,110,1489936.28,273161.2,138921.03,73,0,0,0,0,1,0,0,0
46,61,894377.7,118102.07,7629.82,17,3,0,0,0,0,1,0,0
20,31,225046.64,4045.28,14920.19,67,1,1,0,0,0,0,0,0
37,119,996233.63,12909.19,5011.29,72,1,0,0,0,0,0,0,1
53,80,58302.46,98030.32,103723.23,6,1,0,0,0,0,1,0,0
36,114,1295448.18,175136.08,137671.27,7,5,1,0,0,1,0,0,0
43,96,499352.05,124800.34,9677.54,63,0,0,0,1,0,0,0,0
20,22,27962.92,193098.46,191602.25,6,2,1,0,0,0,0,0,0
36,93,516772.97,130898.5,39281.7,40,1,0,0,0,1,0,0,0
37,86,1829614.78,216766.71,173373.36,39,0,1,0,0,1,0,0,0
49,43,36178.18,49468.31,601752.8,2,1,1,0,1,0,0,0,0
24,67,404489.73,23946.7,176213.5,16,0,0,0,0,1,0,0,0
69,54,688755.23,181483.02,322084.91,65,0,0,0,0,0,0,0,0
58,10,831046.56,132597.14,444050.45,78,0,0,0,0,0,0,0,0
50,42,267070.55,5447.04,100049.14,51,1,0,0,0,0,0,0,0
57,64,114182.68,95762.67,181762.94,21,1,0,0,1,0,0,0,0
56,21,21632.42,22438.0,286550.29,3,1,1,0,0,0,1,0,0
35,80,433424.39,151582.73,66150.38,5,2,0,0,0,1,0,0,0
57,76,301571.96,100762.61,45449.27,37,2,0,0,0,1,0,0,0
18,66,1485465.15,189944.64,439487.67,25,0,0,0,0,0,1,0,0
28,41,31259.56,327569.76,194360.32,10,2,0,0,0,1,0,0,0
45,24,578219.24,71240.35,37208.09,89,0,1,0,0,0,1,0,0
74,35,12641.58,654571.94,89425.77,16,3,0,0,0,0,1,0,0
42,56,94029.5,153416.66,238777.84,87,1,0,0,1,0,0,0,0
67,30,302182.77,192619.24,118800.33,30,0,0,0,0,0,1,0,0
40,57,303367.73,228307.53,157452.79,76,2,0,0,0,1,0,0,0
48,94,578704.53,219761.38,210222.29,34,1,1,0,0,1,0,0,0
47,47,1205157.73,143066.59,145932.81,15,2,0,0,0,0,0,0,1
59,35,509483.2,111990.67,116505.19,78,0,0,0,0,0,1,0,0
52,19,1534529.02,11056.45,207712.9,17,4,0,0,0,0,1,0,0
24,114,1066909.33,4466.68,195052.2,61,0,1,0,0,0,0,0,0
33,8,439136.09,88621.31,149086.12,26,0,0,0,0,0,0,1,0
43,26,897257.48,81191.31,66893.72,34,1,1,0,0,0,0,0,0
65,113,514418.52,98105.0,78083.95,44,0,0,0,0,0,1,0,0
74,104,40907.63,29785.45,528192.61,34,2,1,0,0,0,0,0,0
69,71,674624.01,268010.65,17882.74,27,2,0,0,0,0,0,0,1
66,30,49859.59,388932.37,46899.72,8,1,1,0,1,0,0,0,0
19,7,450803.02,558442.84,101709.75,75,0,1,0,0,0,1,0,0
18,67,606406.22,135597.46,271852.21,14,0,0,0,1,0,0,0,0
65,65,34421.95,241372.53,26810.82,20,1,0,0,0,0,0,0,1
29,36,131198.66,386965.93,48642.49,51,3,1,0,0,0,0,1,0
22,25,1236522.04,108357.03,10209.42,34,0,1,0,0,0,1,0,0
54,37,478966.03,74042.6,183618.81,50,0,1,0,0,0,0,0,0
49,1,141371.16,552051.59,40812.54,82,1,0,1,0,0,0,0,0
72,15,586689.1,145000.46,73818.92,54,0,0,0,0,0,1,0,0
26,37,454132.04,137534.0,87967.52,86,1,0,1,0,0,0,0,0
58,13,348151.78,39304.24,332893.75,76,1,1,0,0,0,0,0,0
52,104,1868761.29,22892.59,79483.5,43,0,0,0,0,0,1,0,0
36,8,575143.0,369167.36,23537.55,64,0,1,0,0,0,1,0,0
65,5,235354.83,190452.6,111449.89,87,1,1,0,1,0,0,0,0
33,60,804902.57,78852.99,494355.41,79,3,0,0,0,0,1,0,0
20,73,1079603.08,42573.36,140353.77,24,1,0,0,0,0,0,0,1
37,1,66891.75,162159.82,614637.45,86,2,0,0,0,0,1,0,0
41,36,111917.51,175375.2,275928.93,46,1,0,0,0,0,0,0,0
71,35,121817.93,46384.8,5494.27,79,0,0,0,0,0,1,0,0
73,66,587549.85,381307.17,161117.04,55,0,0,0,0,1,0,0,0
50,63,461959.32,17605.51,50692.04,37,1,1,0,0,0,0,1,0
41,104,482466.88,88040.22,123016.52,10,0,0,0,0,0,0,1,0
69,23,1413191.41,228127.26,49139.25,66,1,0,0,1,0,0,0,0
28,9,747857.18,64074.21,64356.99,14,1,0,0,0,0,1,0,0
66,34,68446.76,351674.84,384921.5,0,0,0,0,1,0,0,0,0
25,46,213477.5,269313.08,34722.33,6,1,0,0,0,0,1,0,0
53,78,285813.25,311201.08,310850.96,0,1,0,0,0,0,1,0,0
55,4,252058.74,25363.72,4639.69,48,1,1,0,0,0,1,0,0
57,30,553284.85,30291.86,14291.16,72,2,0,0,0,0,0,0,1
37,95,1112317.38,67507.21,289317.44,28,1,0,0,1,0,0,0,0
52,102,182678.74,145994.25,149363.43,25,1,0,0,0,0,0,0,0
65,75,401343.92,275678.0,206294.94,86,1,1,0,0,0,0,0,1
42,99,778919.71,362226.25,35247.82,44,2,1,0,0,0,1,0,0
52,72,269113.88,243705.86,115531.27,70,2,1,0,0,0,0,1,0
42,3,92032.41,527882.75,200465.27,11,0,0,0,0,0,0,0,1
46,14,322131.81,268450.53,148052.91,31,1,0,0,0,0,0,0,1
35,60,28402.93,73133.88,95713.3,19,2,0,0,0,0,1,0,0
63,77,1426972.75,61599.08,482022.76,50,1,1,0,1,0,0,0,0
35,45,38884.13,238272.17,169124.62,80,0,1,0,0,0,0,0,0
19,96,288533.21,42854.25,357489.25,35,0,1,0,0,0,1,0,0
71,34,377384.99,19459.69,196272.56,66,1,1,0,0,0,1,0,0
52,45,2110084.26,151952.66,199466.42,0,0,0,0,0,0,0,0,0
33,61,90774.02,344792.02,12510.22,26,1,0,0,0,0,0,0,0
58,83,60762.74,21378.97,66817.64,39,0,0,0,0,0,1,0,0
53,102,4372.13,313938.97,293179.96,83,0,1,0,0,0,0,1,0
50,16,84547.57,333807.87,39712.82,13,1,0,0,0,0,1,0,0
21,66,116138.18,131661.83,18410.91,68,0,1,0,0,0,0,0,1
50,40,497911.81,11803.62,59202.38,86,2,1,1,0,0,0,0,0
31,17,124042.76,38374.97,37353.44,78,0,0,0,0,0,0,0,1
38,119,10367.15,245807.72,389117.57,5,1,0,0,0,0,0,0,0
65,34,876130.01,248804.81,303705.1,32,0,1,0,0,0,1,0,0
37,106,227534.42,457254.33,103877.08,54,0,1,0,0,0,1,0,0
73,16,218243.18,174783.34,9495.91,18,1,0,0,0,0,0,1,0
25,102,180111.35,26502.35,188059.75,76,1,0,0,0,0,0,0,1
24,60,1851961.57,25888.5,146490.42,28,1,0,0,0,1,0,0,0
20,66,93234.32,255403.6,528783.0,60,1,1,0,0,0,1,0,0
34,66,1142559.58,40615.41,122790.66,69,1,1,0,0,0,1,0,0
50,90,749850.99,79614.15,61509.94,78,4,0,0,0,0,1,0,0
65,13,39781.39,133578.56,109789.97,79,0,0,0,0,0,0,0,0
29,56,2161090.86,5015.34,581377.47,23,1,0,0,0,0,1,0,0
68,111,158291.84,57221.74,178788.08,22,1,0,0,0,1,0,0,0
39,31,51893.61,104812.44,167200.34,9,4,0,0,0,0,0,0,1
72,34,883965.52,65599.82,41300.11,53,0,1,0,0,0,0,1,0
39,39,613237.94,29322.24,204153.96,40,0,1,0,0,0,1,0,0
63,67,480145.87,260399.66,208107.34,48,0,1,0,0,1,0,0,0
47,8,84790.06,335487.31,57252.54,16,3,1,0,1,0,0,0,0
55,87,325519.28,59540.82,99164.11,55,0,0,0,1,0,0,0,0
55,78,758329.16,297815.64,52349.25,44,0,1,0,0,1,0,0,0
62,55,180932.72,97406.7,44903.51,29,0,0,0,1,0,0,0,0
68,27,186757.86,141321.79,3935.59,43,0,0,0,0,0,0,0,0
71,118,1572.92,387589.89,50365.34,73,1,1,0,0,0,1,0,0
25,93,95727.61,277221.82,121105.34,54,0,1,0,0,0,1,0,0
44,103,1041345.91,327071.03,240.37,18,0,0,1,0,0,0,0,0
44,53,291471.05,29432.24,49947.76,28,1,0,0,0,0,0,0,0
51,39,2074965.61,14453.81,319812.89,1,1,0,0,1,0,0,0,0
38,65,251848.85,447743.23,135080.54,35,1,1,0,0,0,0,0,1
47,17,627960.27,98150.45,140421.53,18,2,0,0,0,0,1,0,0
50,105,165586.48,67901.68,77467.29,6,1,0,0,0,0,1,0,0
45,30,226128.73,257976.05,169270.51,25,1,0,0,0,0,0,0,0
64,53,105808.86,362085.24,31595.7,78,1,1,0,0,0,0,0,1
50,13,213136.83,396811.18,256179.06,37,0,0,0,0,0,1,0,0
22,21,396193.81,75958.64,18611.71,2,1,0,0,0,0,0,0,1
65,19,2400159.69,382395.82,160067.63,79,0,0,0,0,0,1,0,0
36,53,545622.32,8359.07,62588.75,65,2,0,0,0,0,0,0,1
21,19,111100.72,10187.41,206459.31,70,1,1,0,0,0,1,0,0
52,57,23001.78,195377.64,119697.69,42,1,0,0,1,0,0,0,0
66,25,67541.43,13037.1,90318.66,61,0,1,0,0,0,1,0,0
34,86,413402.38,78492.75,27845.09,70,3,1,0,0,0,0,0,1
61,31,724426.12,223409.83,151929.11,23,2,1,0,0,0,1,0,0
45,81,1410211.01,82276.59,551957.3,38,2,1,0,0,0,1,0,0
47,55,7974.85,39592.6,261963.51,67,1,1,0,0,0,1,0,0
46,23,369868.03,66076.34,9282.62,43,1,0,0,0,0,0,0,1
63,32,318258.07,122341.21,70795.89,4,1,0,0,0,0,0,0,0
70,62,533636.79,129018.45,389710.65,54,1,1,0,0,0,1,0,0
23,74,410011.93,305571.8,104887.99,29,1,0,0,0,0,0,0,0
52,10,580838.59,277381.49,162756.04,28,0,0,0,0,1,0,0,0
58,100,536593.02,122062.1,365587.88,25,0,0,0,1,0,0,0,0
54,72,62221.68,373728.99,310476.79,82,1,0,0,0,0,1,0,0
41,54,804014.24,24261.2,104519.19,25,0,0,0,0,0,0,0,1
46,52,65756.76,58969.09,86343.64,36,0,1,0,0,0,1,0,0
66,20,599543.42,352024.79,62257.47,52,0,0,0,0,0,1,0,0
63,32,269051.62,94961.12,190420.47,29,2,1,0,0,0,0,1,0
70,114,360619.79,794583.59,50738.3,2,3,1,0,0,0,1,0,0
48,14,1168060.67,125566.77,43129.83,42,1,1,0,0,0,0,0,1
52,50,1103109.22,313981.55,66066.7,6,1,0,0,0,0,0,0,0
50,28,851479.69,102935.62,29259.06,48,2,1,0,1,0,0,0,0
69,110,356826.38,110660.88,178175.46,72,2,1,0,0,0,0,0,1
38,116,666357.48,96539.38,143660.94,40,0,1,0,0,0,1,0,0
49,53,359639.9,253933.95,98921.62,76,2,0,0,0,0,1,0,0
40,24,1018597.64,158601.41,74224.58,78,1,0,0,0,0,0,0,1
50,79,257731.37,575689.82,359637.49,53,0,1,0,0,0,1,0,0
20,22,1757216.82,57773.97,4433.45,68,0,1,0,0,0,1,0,0
35,30,1346502.66,21197.19,219870.61,26,0,0,0,0,0,1,0,0
42,63,676628.32,99931.47,348279.82,7,1,0,0,0,0,1,0,0
59,4,163846.56,191794.09,88684.62,31,2,1,0,0,0,1,0,0
48,77,70582.28,394367.18,120006.5,83,0,1,0,0,0,1,0,0
71,59,964489.23,84989.8,433607.73,63,0,0,0,0,0,0,0,1
20,87,90342.82,212140.07,35791.41,9,1,0,0,0,0,0,0,0
57,8,962968.24,86217.73,110137.52,12,0,0,0,0,1,0,0,0
63,82,337422.85,192058.76,96573.9,62,2,1,0,0,0,1,0,0
41,12,260906.87,432230.9,44840.3,34,1,0,0,0,0,1,0,0
67,119,1167506.51,52625.9,256052.01,60,2,0,0,0,0,1,0,0
49,31,462982.42,103584.03,344789.85,53,1,0,0,0,0,0,0,0
64,78,429735.5,1000093.33,228442.65,7,0,0,0,1,0,0,0,0
39,34,409089.9,405836.44,32603.85,28,1,0,0,0,0,1,0,0
40,82,231946.78,166316.34,13611.62,40,0,1,1,0,0,0,0,0
19,98,770056.46,145393.58,139499.31,29,0,0,0,0,0,1,0,0
44,75,145710.15,66982.8,8818.42,85,1,1,0,0,0,0,0,1
59,105,1397580.46,145634.46,167589.42,20,1,0,0,1,0,0,0,0
19,76,1122088.31,377013.91,113388.84,75,0,0,0,0,1,0,0,0
43,49,205852.51,231147.36,163055.51,10,3,0,0,1,0,0,0,0
34,79,653674.63,68510.46,133802.21,1,0,1,0,0,1,0,0,0
57,57,425747.05,44995.03,82409.65,49,2,0,0,0,0,1,0,0
50,95,205980.05,61633.71,33636.09,40,1,1,0,0,1,0,0,0
26,113,2233646.23,37207.9,54728.13,65,5,1,0,0,0,1,0,0
60,93,12780.63,20105.71,111508.44,2,1,0,0,0,1,0,0,0
71,26,145608.18,108647.79,158276.07,79,1,0,0,0,0,0,0,1
65,18,367061.74,24049.63,226767.08,50,1,1,0,0,1,0,0,0
56,96,369023.12,37727.3,218617.47,67,2,1,0,0,0,0,0,1
46,86,444499.62,158516.03,540068.45,86,1,1,0,0,0,0,0,0
59,38,696510.81,35968.75,50497.54,83,1,0,0,0,0,0,0,1
72,81,488389.18,13202.27,11064.86,24,1,0,0,1,0,0,0,0
43,87,458497.32,76365.98,63618.53,29,0,0,0,0,0,1,0,0
52,88,27499.79,49774.11,203973.85,81,1,1,0,0,0,1,0,0
67,50,236227.55,144847.17,86467.82,10,1,0,0,0,0,1,0,0
42,8,132019.06,21598.81,255388.02,16,1,0,0,0,0,1,0,0
41,41,154194.23,278680.54,119551.78,25,0,0,0,0,1,0,0,0
30,6,404096.64,473389.57,398443.36,22,0,0,0,0,0,1,0,0
24,69,111262.69,272074.78,443083.33,55,1,0,0,0,0,0,1,0
74,44,174033.97,152211.14,10773.47,51,2,1,0,0,0,1,0,0
53,64,135304.14,394178.89,91434.95,47,0,1,0,0,0,1,0,0
62,29,1483115.31,237435.19,141121.74,19,0,0,0,1,0,0,0,0
37,28,1447181.45,2121.44,44331.44,1,0,0,0,0,0,0,0,0
18,11,470729.35,100204.81,78403.55,87,0,1,0,0,0,0,0,1
25,65,1291960.13,380697.24,169832.28,30,0,0,0,0,0,0,0,1
63,107,770452.08,84886.43,38569.87,26,1,0,0,1,0,0,0,0
33,19,445735.51,7170.04,138188.46,1,1,0,0,0,0,1,0,0
31,9,3228.0,274225.7,179325.23,77,2,1,0,0,0,0,1,0
29,27,740338.32,323936.31,14228.43,3,0,0,0,0,0,0,1,0
68,34,606150.93,35012.08,103232.7,12,0,1,0,0,0,0,0,0
40,44,477585.5,154152.78,45791.4,34,0,1,0,0,0,1,0,0
32,68,714442.94,42627.61,193313.29,71,0,0,0,0,0,0,0,0
45,100,359665.67,254047.04,31525.86,65,1,0,0,0,0,1,0,0
51,82,608838.59,63367.38,334174.41,5,0,0,0,0,0,1,0,0
19,15,1368009.5,76022.38,84565.76,30,2,0,0,0,0,1,0,0
49,51,235646.24,372828.43,33097.57,9,1,0,0,0,0,0,0,1
40,13,615709.4,129375.79,86443.83,20,0,0,0,0,1,0,0,0
39,83,322834.0,221583.76,78825.87,73,1,0,0,1,0,0,0,0
68,49,561042.29,102957.71,84033.62,22,1,0,0,1,0,0,0,0
42,70,719622.59,70766.33,132124.53,2,1,0,0,0,0,0,0,1
39,112,23258.94,196420.98,110462.61,31,1,1,0,0,0,1,0,0
39,56,520077.99,33650.02,24338.51,19,0,0,0,0,0,1,0,0
66,76,128570.73,93361.7,10174.24,73,2,0,0,0,0,0,1,0
69,51,554380.61,46900.83,196075.6,28,0,1,0,0,0,1,0,0
59,37,315866.32,238010.67,123050.79,51,0,1,0,0,1,0,0,0
23,17,742621.61,577227.96,66709.05,45,1,1,0,0,0,0,0,1
32,58,65852.71,1081223.64,247818.8,33,2,1,0,0,0,0,0,1
71,87,492180.88,119668.08,73667.78,83,1,1,0,1,0,0,0,0
60,90,163191.17,58212.33,238419.63,60,1,1,0,0,0,0,0,1
54,29,958600.11,116976.75,54739.8,71,2,0,0,0,1,0,0,0
50,33,1318214.93,375815.95,11345.23,70,1,0,1,0,0,0,0,0
25,60,2813173.78,46135.79,404654.9,69,2,1,0,0,0,0,0,1
70,91,794835.79,607709.8,75267.77,10,0,1,0,0,0,1,0,0
61,89,700671.66,83669.27,236032.86,81,0,0,0,0,0,0,0,1
61,55,121354.84,850954.21,49097.41,88,1,1,1,0,0,0,0,0
22,10,204741.88,364784.92,155923.54,62,1,0,0,0,0,1,0,0
56,47,313382.56,330647.17,309902.85,20,1,0,0,0,0,0,0,0
21,23,742242.65,76517.17,6380.4,2,0,1,0,0,0,0,0,0
23,85,1232351.26,1763.19,266355.55,81,1,1,0,1,0,0,0,0
62,21,104829.38,96296.38,127061.23,87,0,1,0,0,0,1,0,0
49,107,1277884.46,71852.62,140272.02,9,0,0,0,1,0,0,0,0
69,13,594746.82,7622.84,111085.51,26,0,0,1,0,0,0,0,0
47,101,471793.36,140787.14,311287.67,11,2,0,0,0,0,1,0,0
64,33,111472.58,103178.12,6660.72,6,2,0,0,0,0,1,0,0
52,24,28563.05,201328.7,45374.37,16,2,0,0,0,0,0,1,0
72,108,420203.21,194142.16,312834.08,64,0,1,0,0,0,1,0,0
57,11,527081.03,25736.44,209358.22,63,0,1,0,0,1,0,0,0
69,17,118356.0,754152.84,2670.4,25,0,0,0,0,0,0,0,1
33,68,406479.37,41387.97,109162.75,14,1,0,0,0,0,1,0,0
30,47,970687.14,117856.21,113117.07,32,2,1,0,0,1,0,0,0
67,25,901104.78,133932.05,76844.54,61,1,1,0,0,0,0,0,1
59,94,1311086.6,335396.51,52943.71,46,0,1,0,0,0,0,0,1
47,73,227763.11,20900.98,171725.85,34,1,1,0,0,0,1,0,0
36,21,191399.16,111948.66,34939.4,64,0,1,0,0,0,0,0,1
34,84,692000.51,198042.45,240629.17,71,2,0,0,0,0,1,0,0
73,83,282036.21,48453.96,243711.03,75,2,0,0,0,0,1,0,0
36,83,45810.26,197486.41,80488.57,82,0,0,0,0,0,0,1,0
45,12,166201.06,514524.32,50016.61,24,1,0,0,0,0,1,0,0
72,37,271142.91,1199748.69,50085.75,56,0,1,0,0,0,0,0,0
43,42,173020.43,6597.86,98751.39,31,2,0,0,0,0,1,0,0
54,17,201887.45,53729.73,190719.61,62,0,0,0,1,0,0,0,0
43,101,173911.34,74301.78,66678.15,11,0,0,0,0,0,1,0,0
70,118,21192.42,101874.04,141257.95,62,1,0,0,0,0,0,1,0
40,48,506806.68,55482.24,72307.66,76,2,1,0,0,0,0,0,1
26,103,454772.29,45502.62,54473.64,0,3,0,0,0,0,1,0,0
29,28,529768.15,618245.4,3776.06,50,3,0,0,0,0,1,0,0
70,41,106788.41,501483.47,588.27,69,1,1,0,0,0,1,0,0
18,99,175243.17,9626.5,38661.74,7,0,0,0,0,0,0,0,1
18,47,483286.91,82743.72,78234.03,67,1,1,0,0,0,1,0,0
64,112,457680.04,103888.71,285834.5,4,1,0,0,0,1,0,0,0
51,18,352944.31,54628.2,240283.16,88,2,1,0,0,0,0,0,1
49,78,215709.44,198242.14,46625.26,85,0,1,0,0,0,1,0,0
71,99,1220527.21,204541.89,42064.35,38,1,0,0,0,0,0,0,0
65,108,207583.69,380097.43,38683.95,22,3,0,0,1,0,0,0,0
42,105,304053.1,270084.52,62154.08,67,0,1,0,0,0,1,0,0
57,71,566778.65,156427.74,103432.66,51,1,0,0,0,0,1,0,0
62,105,391559.39,212024.58,86616.35,3,0,1,0,0,0,1,0,0
70,13,213001.77,64037.96,36937.49,46,1,0,0,1,0,0,0,0
18,82,286035.71,179816.03,20967.16,20,0,0,0,0,0,0,0,0
33,101,791107.95,134366.1,1898.64,55,1,1,0,0,0,0,0,1
56,13,162954.52,28622.74,25078.87,65,2,1,0,0,1,0,0,0
22,100,76724.35,55558.04,183298.3,58,2,0,0,0,1,0,0,0
39,31,187829.29,68975.66,41885.39,6,0,0,0,0,0,0,0,1
46,2,947009.78,516220.7,94836.55,48,2,0,0,0,1,0,0,0
72,16,46600.55,52373.4,134216.5,15,3,0,0,0,0,1,0,0
20,9,2395513.39,68285.19,326844.08,16,0,0,0,0,0,1,0,0
29,73,389355.69,92202.16,329538.08,83,1,0,0,0,0,1,0,0
43,38,2094736.93,217975.75,205405.99,86,3,1,0,0,0,1,0,0
33,75,1398411.38,25166.71,5368.48,74,1,0,0,0,0,0,0,1
68,54,301482.99,615584.71,128374.77,33,0,1,1,0,0,0,0,0
54,56,110629.59,401344.15,231676.42,32,2,0,0,0,0,1,0,0
39,86,90092.79,172178.81,2615.88,25,0,0,0,0,0,1,0,0
74,97,137211.43,224194.81,119671.06,65,2,1,0,0,0,0,0,1
46,100,619165.92,3360.16,292540.3,62,2,1,1,0,0,0,0,0
31,109,159380.01,82783.58,96397.22,86,1,1,0,0,0,1,0,0
45,87,208838.64,317594.23,617.2,40,0,1,0,0,0,0,0,1
22,45,297809.55,16129.89,1661.17,85,1,1,0,0,0,1,0,0
64,109,1222262.62,66344.58,80841.6,57,0,0,0,0,0,1,0,0
66,34,104986.22,176038.45,25264.34,78,1,1,0,0,0,0,1,0
47,9,2519.61,59253.91,163797.94,9,4,1,0,0,0,0,1,0
63,88,30988.99,543553.37,185061.37,14,1,0,0,0,0,1,0,0
69,8,1175710.92,28095.93,29380.3,41,1,0,0,0,0,0,1,0
22,7,521375.68,319298.77,329104.39,56,0,0,0,0,0,0,0,0
29,36,159442.34,141834.46,87484.68,86,1,1,0,0,1,0,0,0
33,18,97516.5,277523.67,23120.64,16,2,0,0,0,0,0,0,1
43,3,174258.96,74420.19,216748.52,59,2,0,0,0,0,0,0,1
43,28,60969.1,144510.92,234078.95,8,0,0,0,0,0,0,0,1
65,70,1419645.63,388751.98,152954.42,35,1,1,0,0,0,0,0,0
38,108,766715.92,125801.03,288074.21,72,0,0,0,0,0,1,0,0
56,44,310312.04,89169.9,200553.06,79,3,0,0,0,0,1,0,0
53,21,1001101.77,153641.13,320822.36,35,1,1,0,0,0,1,0,0
50,28,143479.97,252718.2,85344.51,47,1,1,0,1,0,0,0,0
47,104,631367.25,117240.39,206509.32,50,1,0,0,0,0,1,0,0
54,54,969431.27,558973.33,1245048.45,69,0,1,0,0,0,0,0,0
40,54,220625.46,69896.13,193610.1,73,1,0,0,0,0,0,1,0
27,65,708303.48,129048.09,18186.87,79,0,0,0,0,0,1,0,0
71,100,174830.05,282879.24,109570.9,67,1,0,0,0,0,0,0,0
22,21,177521.81,233670.36,132772.52,21,0,0,0,0,0,0,0,1
53,107,56616.36,398492.91,28712.34,76,1,1,0,0,1,0,0,0
51,99,289961.08,1149495.51,494086.93,79,1,0,0,0,0,1,0,0
69,13,654133.44,111324.47,28961.24,5,1,0,0,0,0,0,0,0
48,57,1408548.8,23565.56,29321.58,25,1,0,0,0,1,0,0,0
27,49,462914.28,6177.61,370060.84,74,3,1,1,0,0,0,0,0
36,118,994382.08,259566.54,93880.89,87,0,1,0,0,0,0,0,0
49,54,864377.26,414316.38,9790.94,2,1,0,0,0,0,0,0,1
18,10,95182.74,49875.07,136765.46,51,3,1,0,0,0,0,0,0
73,53,332588.44,34501.5,138130.06,73,3,0,0,0,1,0,0,0
22,44,62171.74,12844.8,10001.24,59,0,1,0,0,0,0,0,1
62,47,573092.83,345985.71,539158.14,62,1,0,0,0,0,1,0,0
21,53,1496863.82,74613.7,117799.23,64,2,1,1,0,0,0,0,0
33,74,73722.13,102731.56,123077.46,51,1,0,0,0,0,0,0,0
41,46,661909.85,139732.55,110131.45,89,0,0,0,0,0,0,0,0
33,13,500159.85,365834.0,141523.0,75,0,1,0,0,0,1,0,0
72,37,438060.52,210441.12,46039.88,13,0,0,0,0,0,0,0,0
19,102,247246.72,190935.97,50791.86,88,1,1,0,0,0,1,0,0
66,24,219354.54,38637.38,107412.97,71,1,0,0,0,0,0,0,0
45,2,23152.45,143976.23,246515.81,67,1,0,0,0,0,1,0,0
49,86,122891.9,251320.78,7672.61,27,0,0,0,0,0,0,0,0
44,81,7646.61,724325.55,138725.65,70,0,0,0,0,0,0,1,0
37,100,435440.17,44980.6,246587.43,9,1,0,0,0,0,1,0,0
41,14,55942.68,1917.84,25603.53,56,2,1,0,0,0,0,1,0
29,10,1031860.46,15657.49,2270.48,65,1,1,0,0,0,0,0,1
67,35,370269.33,94273.7,56250.56,89,3,1,0,0,1,0,0,0
52,25,601469.85,343565.77,133062.12,49,1,0,0,1,0,0,0,0
50,3,264543.25,1433.54,22324.29,13,0,0,0,0,0,0,0,1
50,111,411149.58,122029.99,83300.86,15,0,0,0,1,0,0,0,0
68,102,1429371.23,79865.98,120551.99,53,0,1,0,0,1,0,0,0
60,17,43178.91,10781.81,137025.35,42,0,1,0,0,0,0,0,1
54,12,146473.13,119653.34,48115.88,41,1,0,0,0,0,1,0,0
29,54,757037.34,58806.76,76631.25,80,3,1,0,0,0,0,0,0
20,116,51979.2,86737.37,225991.07,21,0,0,0,0,1,0,0,0
18,24,39338.25,244573.58,425079.5,67,1,1,0,1,0,0,0,0
50,29,224349.22,147441.12,296945.22,18,0,0,0,1,0,0,0,0
57,43,48347.95,26625.71,124614.52,65,0,1,0,0,0,0,0,1
27,25,439832.9,650975.95,79219.37,38,0,1,0,0,1,0,0,0
60,100,128269.54,202071.26,60735.03,72,1,0,0,0,0,1,0,0
61,60,1130232.19,290374.41,20022.26,18,1,0,0,0,0,0,0,1
46,90,765082.55,16505.34,16899.95,15,1,0,0,0,0,1,0,0
30,102,601495.32,9640.33,174884.85,53,0,1,0,0,0,1,0,0
29,65,479787.08,3927.93,45124.1,24,0,0,0,0,0,1,0,0
48,84,995589.82,41846.66,44087.56,17,3,0,0,0,0,1,0,0
63,119,126197.4,107026.53,947583.73,22,1,0,0,0,0,0,0,0
19,28,1032212.79,549231.84,31224.56,84,1,0,0,0,0,1,0,0
68,16,779116.52,122151.17,24035.83,10,1,1,0,0,0,0,0,1
67,47,689482.3,68569.94,15585.11,38,1,1,0,0,0,1,0,0
52,81,411919.22,165077.71,130055.58,67,1,0,0,0,0,1,0,0
40,104,141343.39,23741.97,148274.31,24,0,0,0,0,0,1,0,0
34,92,275431.53,188068.48,68173.39,62,2,0,0,0,0,1,0,0
43,58,788898.54,168066.02,114991.07,29,1,1,0,0,0,0,0,0
25,76,16147.19,314036.74,232958.3,44,3,0,0,0,0,0,0,0
46,27,761746.56,863812.04,255648.17,89,0,1,0,0,0,0,0,0
43,118,137264.96,57769.48,475199.16,60,1,0,0,0,0,0,0,1
27,53,77923.09,142529.8,260819.26,50,3,1,0,0,0,1,0,0
43,42,61480.2,479083.56,124806.72,8,0,0,0,0,1,0,0,0
51,59,13814.09,307600.16,29704.9,75,0,0,0,0,0,0,0,1
68,47,370734.54,133654.35,15764.68,1,1,1,0,0,0,0,0,1
58,94,123116.46,581440.46,8408.09,4,0,0,0,0,0,1,0,0
24,105,2274951.27,11788.01,164728.48,61,2,0,0,0,0,1,0,0
21,34,427170.85,534725.75,247177.12,68,3,1,0,0,0,1,0,0
70,37,74183.46,10365.51,106600.15,51,0,0,0,0,0,1,0,0
67,6,583599.56,158507.22,8440.19,85,1,0,0,0,0,0,0,1
62,7,1140135.78,442258.32,115009.56,4,0,0,0,0,0,0,0,1
28,96,683597.94,60957.76,411744.31,58,1,0,0,0,0,0,0,0
46,96,39759.68,127825.95,136551.22,67,1,1,0,1,0,0,0,0
73,117,1131125.68,78409.77,248658.38,8,3,0,0,0,1,0,0,0
53,25,789768.19,607911.41,241530.22,21,2,0,0,1,0,0,0,0
42,33,86168.13,347051.93,403522.19,26,1,0,0,0,0,0,1,0
38,55,26587.47,246887.44,220600.66,9,0,0,0,0,0,1,0,0
74,58,407443.41,177165.39,206570.77,79,0,1,0,0,0,1,0,0
53,7,84822.61,343618.31,40006.07,60,0,1,0,0,0,1,0,0
27,116,899666.9,99603.94,9269.37,50,0,1,0,0,0,0,0,0
54,57,221844.19,118679.14,109347.08,9,0,0,0,0,1,0,0,0
26,12,1220305.83,261867.94,19932.75,5,0,0,0,0,0,1,0,0
41,16,416996.25,88557.01,491300.56,61,1,0,1,0,0,0,0,0
52,80,100857.63,13206.8,51357.65,4,1,0,0,0,0,1,0,0
66,43,75178.28,15448.49,287541.48,69,3,0,1,0,0,0,0,0
52,117,429568.34,24515.53,73561.47,62,0,0,0,0,0,1,0,0
65,100,717497.85,407554.49,58555.65,55,4,1,0,0,0,1,0,0
53,77,760497.56,127817.58,410371.58,58,1,0,0,0,0,0,0,1
35,7,161314.43,249572.66,67723.82,62,1,0,0,0,0,1,0,0
66,100,114233.07,99815.43,74215.26,88,1,1,0,0,0,1,0,0
56,111,8449.14,59872.93,16822.83,58,0,0,0,0,0,1,0,0
49,51,568467.38,85294.5,166502.56,50,2,1,0,0,1,0,0,0
41,73,39829.2,316152.93,51128.55,49,0,1,0,0,0,0,0,1
40,32,273020.23,196281.15,132140.05,3,0,0,0,0,0,1,0,0
49,75,460252.5,554965.54,134235.06,47,3,0,0,0,0,0,0,0
54,8,1383175.67,227702.43,190516.73,31,2,0,0,1,0,0,0,0
29,97,186839.45,168878.51,205115.88,50,1,1,0,0,0,1,0,0
66,87,143689.17,188422.25,108371.7,51,2,1,0,0,0,0,0,1
72,89,530889.74,570747.4,60293.88,73,0,0,0,0,0,1,0,0
30,72,482791.74,310423.45,272516.27,33,0,1,0,0,0,1,0,0
40,45,201815.73,4866.99,55630.35,35,1,1,0,0,0,0,0,0
42,86,1316252.27,152773.89,106241.89,69,0,1,0,0,0,1,0,0
52,59,931721.17,233167.47,76937.32,42,2,0,0,0,0,0,0,1
58,4,126790.13,276220.36,289734.34,15,3,0,0,1,0,0,0,0
47,104,136654.63,47941.53,84823.57,58,1,0,0,0,0,1,0,0
34,67,359027.76,403748.11,73188.29,52,1,0,0,0,0,0,0,1
66,29,742664.36,624001.43,175592.16,18,0,0,0,0,0,1,0,0
37,105,22519.8,54024.84,138361.83,88,1,0,0,0,0,0,1,0
65,29,590999.92,428460.01,17016.77,40,2,1,0,0,0,0,0,1
42,98,522397.25,20401.84,106442.96,80,1,1,0,0,1,0,0,0
39,98,131644.41,11463.72,199474.85,46,0,1,0,0,0,0,0,1
30,28,571835.71,27674.06,725655.49,53,2,0,0,0,0,1,0,0
36,77,1408234.29,11895.04,148792.36,54,1,0,0,0,0,0,0,0
66,79,23957.84,372881.82,69375.11,18,0,0,0,0,0,0,1,0
53,87,192575.46,12173.09,38456.89,61,0,0,0,0,0,0,0,0
29,44,288283.96,63398.61,309334.85,58,1,1,0,0,1,0,0,0
58,90,1147607.95,21908.59,252757.8,64,1,1,0,0,1,0,0,0
36,4,1638536.54,70031.26,39970.85,67,2,0,0,0,0,1,0,0
29,90,293597.14,18985.13,33590.1,27,0,0,0,0,0,1,0,0
26,104,693204.01,220526.02,188361.92,17,3,0,0,0,0,0,0,0
24,9,379281.47,28618.66,56739.97,25,1,0,0,0,0,0,0,1
45,119,385860.33,381900.5,54878.72,18,0,0,0,0,1,0,0,0
31,5,162933.99,339862.73,24782.55,54,1,1,1,0,0,0,0,0
48,56,122283.35,2751.17,45973.78,56,0,0,0,0,0,1,0,0
69,96,169842.44,452147.33,83663.36,5,0,0,0,0,0,1,0,0
36,84,406334.87,5874.29,197985.2,0,0,1,0,1,0,0,0,0
64,50,14794.32,54794.18,61490.59,7,1,0,0,0,0,1,0,0
33,75,1188918.1,6585.05,59759.5,50,0,0,0,0,1,0,0,0
70,15,84969.49,81847.49,50302.71,84,0,1,0,0,0,0,0,1
22,32,124287.53,144254.41,97594.69,87,0,0,0,0,0,0,0,0
52,28,365192.15,318560.28,29884.16,24,1,0,0,0,0,1,0,0
29,22,619135.09,82492.37,99722.08,46,1,1,0,0,0,0,0,0
42,105,50313.12,244488.48,182698.36,54,0,1,0,0,0,0,0,1
69,17,191139.03,41528.97,4536.49,63,2,1,0,0,0,0,0,1
38,59,1731663.09,277738.21,1474.13,82,2,0,0,0,0,1,0,0
53,90,152138.14,53836.61,11714.16,9,3,0,0,1,0,0,0,0
70,108,187746.99,30990.64,115070.76,55,1,0,0,0,1,0,0,0
40,71,905466.53,41013.79,289090.58,11,0,0,0,0,0,1,0,0
33,106,25759.52,40194.02,734.47,32,0,1,0,0,0,1,0,0
74,57,312382.87,143841.93,413888.83,70,0,1,0,0,0,1,0,0
56,26,238708.94,372605.02,16854.16,16,2,0,0,0,0,0,0,0
62,25,190327.78,16590.49,276758.4,60,0,0,0,0,0,0,0,0
70,10,168225.83,245486.72,98914.73,9,2,0,0,0,0,0,0,1
59,45,47910.91,212463.67,161538.21,30,3,0,0,0,0,1,0,0
56,83,189041.1,411959.08,107211.71,59,1,0,0,0,0,1,0,0
31,11,22003.32,55981.82,97239.9,69,1,0,0,0,0,0,0,1
48,77,759259.28,119607.35,270180.07,16,0,1,0,0,0,0,0,1
22,53,253938.15,520272.02,211518.23,49,0,0,0,0,0,0,1,0
52,72,293407.02,215758.08,99073.61,36,1,1,0,0,0,1,0,0
40,104,1120249.41,98455.87,17756.04,81,0,1,0,0,0,0,0,0
46,68,536552.66,28177.36,18393.46,61,0,1,0,0,0,0,0,1
60,111,4045.88,60893.77,242574.75,89,3,1,0,0,0,0,0,1
28,95,1433887.9,174079.75,113059.03,79,1,0,0,1,0,0,0,0
35,28,135343.3,253288.79,98548.08,71,1,1,0,0,0,0,0,0
64,75,56928.36,26574.18,171181.08,87,1,1,0,0,0,0,1,0
29,107,730785.28,183056.88,293680.87,76,1,0,0,0,0,1,0,0
26,65,347051.13,159857.72,148681.7,28,1,0,0,0,0,1,0,0
27,49,284377.96,144291.0,215858.04,31,1,0,0,1,0,0,0,0
61,47,143509.87,234316.04,217398.24,87,0,1,0,0,0,0,0,1
34,52,396452.26,363353.43,66069.39,79,0,1,0,0,0,1,0,0
55,102,160367.58,78013.75,48047.98,10,1,0,0,0,0,1,0,0
24,88,1159270.89,439666.98,242291.29,5,2,0,0,0,0,1,0,0
63,54,121166.04,35021.59,71024.37,34,1,0,0,0,1,0,0,0
30,60,1078615.71,37995.89,350477.14,32,1,0,0,0,0,1,0,0
57,57,409815.08,62059.73,10835.72,17,2,0,0,0,0,1,0,0
59,47,881551.41,25460.08,8997.14,36,0,0,0,0,0,1,0,0
26,31,623868.3,52355.89,392602.92,12,0,0,0,0,0,1,0,0
67,105,596508.37,22502.04,156812.6,73,1,1,0,0,0,1,0,0
44,46,196036.94,344916.36,71608.47,89,0,0,0,0,0,0,0,1
19,114,133219.28,29924.95,211011.55,80,1,1,0,0,0,1,0,0
22,26,118422.39,275108.52,167360.78,63,3,1,0,0,1,0,0,0
46,113,973125.9,9819.95,113637.19,0,0,0,0,0,0,1,0,0
54,114,858586.23,593313.65,15616.42,62,1,1,0,0,0,0,0,1
55,5,290421.59,248376.54,250840.35,88,0,1,0,0,1,0,0,0
36,84,71014.91,1363.95,301513.28,33,0,0,0,0,0,0,0,0
25,52,240837.54,288663.12,28341.88,9,0,0,0,0,0,0,0,1
65,105,482928.88,144343.05,285080.52,83,0,1,0,0,0,1,0,0
62,75,302937.48,302249.26,315372.52,6,1,1,0,0,0,1,0,0
18,54,757494.21,147836.89,119585.81,55,0,0,0,0,0,0,0,0
39,33,3020920.66,204900.43,160145.13,79,2,1,0,0,0,0,1,0
69,50,106059.82,308666.05,72247.64,36,0,1,0,0,0,0,0,0
34,38,307769.86,103875.1,49649.34,28,3,1,0,0,0,0,0,1
24,27,281923.28,542.36,192011.03,11,0,0,0,1,0,0,0,0
42,98,181556.77,379352.67,296939.59,16,1,0,0,0,0,0,0,1
62,15,110382.89,95894.58,159231.1,47,3,0,0,0,0,1,0,0
21,96,33974.63,137052.76,107490.2,83,0,1,0,0,0,0,0,1
53,61,1090711.96,1559.39,25961.12,25,2,0,0,0,0,0,1,0
23,21,272233.17,135490.99,8241.1,82,0,1,0,0,0,1,0,0
48,46,343478.71,860826.56,88505.16,11,0,1,0,0,0,0,0,0
36,69,1244108.35,65220.19,7591.33,20,1,0,0,0,0,1,0,0
61,6,748703.42,100643.68,126363.58,41,2,0,0,0,0,0,0,1
71,38,69919.2,232431.86,72367.12,60,2,1,0,0,0,1,0,0
56,62,416687.58,337256.95,212320.86,57,1,0,0,0,0,0,0,1
44,86,291924.26,108048.01,54716.54,53,1,0,0,1,0,0,0,0
27,62,797794.8,74116.78,134834.94,33,1,0,0,0,0,1,0,0
43,82,644098.67,555563.03,115725.84,6,0,1,0,0,0,0,0,0
36,78,586246.31,226110.37,708.53,34,1,1,0,1,0,0,0,0
56,74,208170.65,25344.37,11271.49,14,2,0,1,0,0,0,0,0
20,46,817284.87,14283.71,51451.36,64,1,1,0,0,0,1,0,0
62,13,26906.81,132155.3,320859.73,89,0,0,0,0,0,1,0,0
30,95,86953.47,49715.37,23851.99,24,2,0,0,0,0,1,0,0
67,94,204452.97,58601.85,186144.45,58,1,0,0,0,0,0,1,0
45,3,39958.72,420242.86,543838.19,78,1,1,1,0,0,0,0,0
37,94,133935.98,18766.78,234503.11,85,2,0,0,0,0,0,0,1
45,6,886422.69,251308.9,41747.98,5,2,0,0,0,1,0,0,0
25,93,1480680.28,63255.34,358491.72,51,1,0,0,0,0,0,0,1
58,8,181635.72,285696.98,14659.65,78,0,1,0,0,0,0,0,0
56,44,153613.11,256323.01,94706.79,87,1,1,0,0,0,1,0,0
18,109,164177.49,1483.87,327776.2,20,2,0,0,1,0,0,0,0
20,107,162670.57,142317.4,153776.0,70,2,1,0,0,0,1,0,0
30,108,18295.78,30006.38,80074.37,31,1,1,0,0,1,0,0,0
45,33,1308075.28,402322.23,51968.99,52,1,0,0,1,0,0,0,0
74,81,120207.26,410498.99,70524.4,58,1,1,0,1,0,0,0,0
66,112,272367.1,108375.84,106678.89,68,1,0,0,0,0,1,0,0
42,75,4867.05,117539.76,57638.62,61,0,1,0,0,0,1,0,0
73,77,975806.01,72275.18,520909.79,3,1,0,0,0,0,1,0,0
50,50,656814.5,252183.64,405633.35,85,1,0,0,0,0,1,0,0
55,11,1466435.41,88839.53,306809.9,17,1,0,0,0,0,1,0,0
70,95,760748.96,62338.26,82183.06,80,0,1,1,0,0,0,0,0
23,28,188224.96,113208.15,176308.66,55,1,0,0,0,0,0,0,1
61,108,142425.28,19189.33,349692.92,23,2,1,0,0,0,1,0,0
62,70,598194.66,274559.73,284998.1,65,0,1,0,0,0,1,0,0
49,41,226367.03,2535.28,80249.05,12,3,0,0,0,0,0,0,1
62,16,417603.15,206837.6,17882.76,61,1,1,0,0,0,0,0,0
64,68,3138.57,40390.08,11796.49,53,2,1,0,0,0,0,0,1
38,99,31941.74,52898.36,129080.18,14,1,0,1,0,0,0,0,0
33,48,383254.73,201918.19,154346.68,68,1,1,0,0,0,0,0,1
71,56,417437.92,990760.25,284410.68,2,1,0,0,0,0,0,1,0
38,64,696061.55,300761.23,51905.83,36,2,1,0,0,1,0,0,0
28,59,70761.81,51195.25,27492.99,36,0,0,0,0,0,1,0,0
54,90,359933.58,38722.96,71465.04,2,1,0,1,0,0,0,0,0
53,62,108113.54,402330.97,65444.74,62,1,0,0,0,0,1,0,0
52,76,48914.54,117463.58,21315.6,34,1,1,0,0,1,0,0,0
36,11,264236.71,29480.35,167340.57,51,0,1,0,0,0,1,0,0
37,101,89166.75,396406.96,106602.59,86,0,1,0,0,1,0,0,0
74,89,125374.28,338664.31,191547.54,27,1,0,0,0,1,0,0,0
35,18,191036.36,825866.27,65239.75,17,2,0,0,0,1,0,0,0
64,19,150139.47,481020.35,59112.52,35,1,1,0,1,0,0,0,0
58,87,45833.63,381825.48,95962.53,32,1,1,0,0,0,1,0,0
66,55,47109.32,10801.37,314833.23,63,1,1,0,0,0,1,0,0
31,102,107370.36,22055.71,6167.26,25,1,0,0,0,0,0,0,1
32,118,25941.04,168321.64,245084.81,47,1,0,0,0,0,1,0,0
48,82,492361.1,151634.98,69064.47,39,1,0,0,0,0,0,0,0
18,26,169366.1,122484.28,289259.64,16,2,0,0,0,0,1,0,0
70,6,164075.65,101097.75,243077.11,39,2,1,0,0,0,0,1,0
71,4,201732.28,112848.97,64331.84,6,1,1,0,0,0,0,0,0
71,108,543534.0,168467.74,177565.02,56,1,1,0,0,1,0,0,0
20,115,1022554.38,415.74,26087.44,7,1,0,0,0,0,1,0,0
33,29,711659.56,60412.67,339911.29,55,0,0,0,0,1,0,0,0
40,59,650111.97,146078.33,77750.83,30,1,0,1,0,0,0,0,0
74,98,331203.46,256182.36,91217.71,58,0,0,0,0,0,0,0,1
28,17,591767.47,38270.04,183503.44,57,5,1,0,0,0,0,0,0
29,107,402332.61,158320.18,257921.6,11,1,0,0,1,0,0,0,0
27,43,121832.93,250674.41,40445.43,47,0,0,0,0,0,1,0,0
49,117,116968.53,117623.3,162418.28,30,1,0,0,0,0,0,0,1
33,80,175766.95,5490.92,74636.58,82,0,1,0,0,0,1,0,0
25,66,1208452.09,119301.45,68996.81,62,2,0,0,0,0,1,0,0
55,34,396389.67,70321.81,175689.94,73,2,0,0,0,0,1,0,0
29,119,661951.65,530853.38,73453.41,38,2,1,0,0,0,1,0,0
41,8,212751.33,26617.93,63722.08,75,2,0,0,0,0,1,0,0
45,13,261884.32,211384.28,271081.3,19,2,0,0,0,0,1,0,0
70,106,67088.99,10832.06,16016.92,47,0,1,0,0,0,0,1,0
25,8,93945.49,118179.66,169002.06,70,4,1,0,0,0,0,0,1
45,94,878263.41,161478.07,42897.61,53,1,1,0,0,0,0,1,0
53,96,439544.0,70751.54,2342.94,77,0,0,0,0,0,0,0,1
43,100,205891.86,121421.65,27365.8,74,2,0,0,0,0,1,0,0
25,111,811898.28,35718.61,139962.72,70,1,1,0,0,0,0,0,1
67,94,141526.34,72516.72,185230.38,28,0,1,0,0,0,0,0,1
45,65,1865532.41,194099.93,3192.4,73,0,0,0,0,0,1,0,0
45,43,211420.81,71849.95,5565.81,72,0,1,0,0,0,0,0,0
54,39,205724.7,460003.83,349250.24,47,0,1,0,0,0,1,0,0
58,81,186919.2,197991.2,11419.75,73,1,1,0,0,0,0,0,0
53,59,65117.85,115481.79,336905.42,82,0,1,0,0,0,0,0,0
44,84,58906.16,7905.59,38847.85,55,1,1,0,0,0,1,0,0
71,88,522211.27,138448.85,202071.32,16,0,0,0,0,0,1,0,0
34,114,1040193.17,289443.61,55601.57,8,2,0,0,1,0,0,0,0
26,86,781564.72,61728.74,293585.74,33,0,0,0,0,0,0,0,1
50,93,76055.81,328778.51,180823.53,44,3,0,0,0,0,1,0,0
70,86,394369.03,58018.8,77077.89,87,1,1,0,0,0,0,1,0
37,44,55796.36,347166.27,11905.59,8,0,0,0,0,0,1,0,0
30,9,23176.26,17824.91,197907.65,6,1,0,0,0,0,0,0,0
45,37,534117.97,402257.48,143912.92,15,0,0,0,0,0,0,1,0
65,74,383022.76,138304.28,437.39,18,2,0,0,0,0,1,0,0
46,36,42791.84,70348.17,1419.68,5,1,0,0,0,0,1,0,0
30,101,17782.11,61607.77,248159.78,10,1,0,0,0,0,1,0,0
63,92,2290551.73,113130.49,45044.14,75,0,0,0,0,0,1,0,0
52,28,15240.6,1391704.08,151645.3,60,1,1,0,0,0,1,0,0
23,42,293968.77,49776.24,90829.36,41,1,1,0,0,0,0,0,0
35,43,351214.08,21788.19,298637.71,12,0,1,0,0,0,1,0,0
68,85,62373.7,175912.3,373266.94,11,1,1,0,0,0,0,0,1
22,88,92599.91,134098.14,862052.64,84,0,0,0,0,0,0,1,0
64,42,216781.86,148549.97,25029.39,73,4,1,0,0,1,0,0,0
42,104,717061.83,219883.77,298126.79,19,1,0,0,0,0,0,0,0
19,66,353706.65,62161.23,46391.31,49,1,0,0,0,0,1,0,0
27,55,507920.02,483072.38,134038.51,35,6,1,0,0,0,0,0,0
73,72,2105705.16,114423.95,105714.0,87,0,0,0,0,0,0,0,1
47,48,730520.67,27642.45,2722.78,68,1,1,0,0,0,0,0,1
67,91,284900.05,271190.87,404948.21,36,1,1,0,0,0,1,0,0
62,22,295694.3,206062.37,12234.73,11,3,0,0,0,1,0,0,0
22,101,482178.93,75884.46,174818.1,39,1,1,0,0,0,0,0,1
72,27,547357.76,194317.74,230572.36,53,0,0,0,0,0,1,0,0
73,93,347285.02,49656.88,237922.56,1,2,0,0,0,0,1,0,0
50,67,517623.32,117699.55,21839.65,49,2,0,0,0,0,0,0,1
71,108,11906.9,459345.5,89014.27,40,1,0,0,0,1,0,0,0
18,13,280728.75,28666.54,265290.43,44,0,1,0,1,0,0,0,0
35,45,163515.13,97779.06,54076.46,8,0,1,0,1,0,0,0,0
49,10,69156.8,344233.09,94595.92,61,1,1,0,0,0,1,0,0
64,100,52428.38,697946.05,47781.8,85,0,1,0,0,0,0,0,1
66,9,462151.58,121000.21,93417.68,46,2,0,0,0,0,0,0,1
28,54,370749.3,141449.07,328171.55,4,0,0,0,0,0,1,0,0
38,119,146236.18,169806.79,91079.62,75,1,1,0,0,0,1,0,0
43,27,318336.22,538676.09,121759.89,0,2,1,0,1,0,0,0,0
42,34,338865.62,390677.11,77621.22,43,0,1,0,0,0,1,0,0
39,115,108462.08,37410.82,92460.48,21,0,0,0,0,0,0,0,1
44,1,527910.13,114809.12,2293.58,37,0,0,0,0,0,1,0,0
66,32,759157.69,124724.38,50057.96,18,0,0,0,0,0,1,0,0
30,89,783820.69,311270.55,86059.95,79,1,0,0,0,0,1,0,0
50,93,461242.23,184709.84,150685.11,30,1,0,0,0,0,0,1,0
51,71,358349.77,212390.78,89689.71,66,0,1,0,0,1,0,0,0
58,113,31473.7,1263983.46,61832.01,86,0,1,0,0,0,0,1,0
52,67,169720.23,15583.67,73677.65,41,0,1,0,0,0,0,0,1
18,84,48956.08,50465.51,41618.84,81,0,0,0,0,0,1,0,0
38,20,1659668.08,104814.58,387532.04,25,1,0,0,0,0,0,0,1
65,117,72559.22,85475.41,110641.13,12,1,0,0,0,0,0,0,1
72,94,82304.92,4376.65,2025.03,57,1,1,0,0,1,0,0,0
23,35,1101716.69,19253.2,2945.67,17,1,0,0,0,0,1,0,0
45,99,1440561.88,228483.55,541574.77,66,0,1,0,0,0,0,0,1
34,113,725851.91,422929.97,37548.48,86,1,1,0,0,0,1,0,0
22,103,2709.79,144402.77,245682.0,2,1,0,0,0,0,1,0,0
48,91,673.59,154954.36,9006.34,54,1,1,0,1,0,0,0,0
22,90,237488.6,58899.3,381055.43,88,2,0,0,0,0,0,0,1
55,78,77389.4,292097.03,311218.26,57,1,0,0,0,0,1,0,0
20,17,9278.63,278699.72,126977.33,62,2,1,0,0,0,1,0,0
70,18,311872.77,177523.98,1355.91,51,2,0,0,0,0,0,0,1
40,45,1432895.26,47820.11,44722.68,88,1,0,0,1,0,0,0,0
54,116,195647.67,20410.58,78339.28,23,3,0,0,0,1,0,0,0
70,93,541085.12,13278.94,92445.73,71,1,0,0,0,0,0,1,0
54,84,528114.67,179639.12,53004.66,8,0,0,0,1,0,0,0,0
27,53,144561.62,348634.23,5025.43,36,0,1,0,0,0,1,0,0
27,91,525518.93,390851.58,133786.34,82,1,1,0,0,0,0,0,0
36,82,119340.55,124583.26,111399.36,52,0,1,0,0,0,0,0,1
34,68,65058.56,306746.74,49902.05,79,2,1,0,0,0,1,0,0
38,65,604297.21,587041.09,5807.38,23,2,0,0,0,1,0,0,0
31,114,60203.7,64363.66,783042.07,20,1,0,0,0,0,1,0,0
26,1,2889665.67,101486.39,98663.01,39,0,1,1,0,0,0,0,0
63,58,101335.04,536122.98,211590.67,61,1,1,0,0,0,0,0,1
18,26,450875.8,82567.74,90307.98,69,1,1,0,0,0,0,0,0
68,109,264982.62,490394.11,6619.48,68,2,1,0,0,0,0,0,0
62,20,67558.57,793136.05,55572.78,13,1,0,0,0,1,0,0,0
30,116,14119.45,216829.91,57873.67,41,1,1,0,0,0,0,0,0
21,87,487400.11,339533.96,273350.96,49,1,0,0,0,0,0,0,0
18,10,821904.87,276895.65,159297.21,60,0,1,0,0,0,1,0,0
66,59,922629.69,240484.31,48326.52,3,0,0,0,0,0,0,0,1
57,75,329579.17,73325.16,515088.87,71,2,0,0,0,0,1,0,0
49,41,751314.02,11757.81,58189.87,87,2,1,0,1,0,0,0,0
51,105,558663.87,84030.0,950857.92,74,1,0,0,0,0,0,0,1
45,5,644138.52,219884.11,834486.77,16,0,0,0,0,0,0,0,0
48,65,339226.84,21634.94,31832.49,84,4,1,0,0,0,1,0,0
25,17,501757.98,2397.91,56256.63,56,1,1,0,0,0,1,0,0
56,22,818728.18,30093.05,99842.7,89,2,1,0,1,0,0,0,0
43,98,253652.73,251570.33,163641.57,47,1,0,0,0,0,1,0,0
51,109,819894.18,720861.36,112631.52,43,0,0,0,0,0,1,0,0
71,41,448264.69,815671.01,523216.71,44,2,1,0,0,0,1,0,0
71,93,90701.6,136235.48,193097.27,79,2,1,0,0,0,0,1,0
20,68,12496.96,407050.18,35747.12,89,0,1,0,1,0,0,0,0
67,69,225299.44,266988.32,16656.08,32,2,1,0,0,0,1,0,0
29,11,395596.51,139045.96,174905.87,30,1,0,0,0,0,1,0,0
18,56,915729.65,170082.12,25876.91,46,1,1,0,0,0,1,0,0
71,51,68188.11,29520.77,232446.87,5,0,0,0,1,0,0,0,0
61,21,805235.09,555035.09,55885.08,71,2,0,0,0,0,0,0,0
22,99,993920.19,86751.24,59377.7,70,0,1,0,0,0,1,0,0
47,76,81664.03,118172.01,1628.57,33,3,0,0,0,0,1,0,0
47,26,953902.83,222741.27,181102.41,52,2,0,0,0,0,1,0,0
74,115,2381120.69,81263.84,18032.17,13,0,0,0,0,0,0,0,0
34,19,648846.65,58675.43,222341.9,15,1,0,0,1,0,0,0,0
65,109,768023.29,199418.5,101552.05,42,2,0,0,0,0,1,0,0
64,60,2593859.38,5060.3,230065.97,72,0,0,0,0,0,1,0,0
40,71,465044.31,255111.74,131534.02,73,0,1,0,0,0,1,0,0
32,47,184002.57,144318.95,12904.5,80,0,1,0,0,0,0,1,0
54,119,908633.52,186155.9,217642.43,11,3,0,0,0,0,1,0,0
38,71,476588.6,199869.35,10853.27,69,2,0,0,1,0,0,0,0
31,26,435175.44,149753.19,97714.93,18,1,0,0,0,0,0,0,0
19,40,146270.63,174710.33,28374.6,40,1,0,0,0,0,1,0,0
28,5,705978.98,230268.61,209351.85,52,1,1,0,0,0,1,0,0
68,21,42597.75,279769.64,363867.61,28,2,0,0,0,0,1,0,0
56,78,1290403.17,259988.39,121157.89,69,1,0,0,0,0,0,0,0
55,4,197131.64,407454.97,112345.7,58,2,1,0,1,0,0,0,0
51,23,68353.73,42006.83,216565.13,88,1,0,0,0,0,0,0,0
55,106,292026.7,102548.15,763.76,63,0,0,0,0,0,0,0,1
67,84,21699.07,590519.48,374714.55,23,6,0,0,0,0,1,0,0
51,15,576998.33,101031.87,32993.95,88,1,1,0,0,0,0,1,0
35,114,1165006.46,26676.58,621393.68,15,2,0,0,1,0,0,0,0
47,116,907809.96,149075.6,199915.28,51,1,0,0,0,0,1,0,0
32,109,68121.52,23192.41,223249.83,79,1,1,0,0,0,0,1,0
44,93,67492.59,45343.3,160155.58,5,2,0,0,0,0,0,0,0
68,8,839486.4,1277644.32,95703.19,36,0,1,0,0,0,0,0,1
51,41,1290186.63,155899.09,127164.39,84,0,0,0,1,0,0,0,0
69,112,308713.67,66831.33,7127.1,3,0,0,0,0,1,0,0,0
74,19,345545.76,1050858.36,146708.77,37,1,1,0,0,0,0,0,0
55,112,191554.96,679594.03,147564.27,40,1,0,0,0,0,1,0,0
50,103,1123410.22,116227.82,332737.69,80,0,1,0,0,0,1,0,0
41,46,517682.01,60330.0,105678.66,13,0,0,1,0,0,0,0,0
32,28,170015.38,364525.78,12042.37,70,0,1,0,0,0,1,0,0
47,110,177468.85,251489.29,54834.85,85,3,1,0,0,0,1,0,0
72,91,1109122.31,232273.0,159905.54,50,0,1,0,0,0,0,0,1
59,68,6863.91,447198.0,41019.32,64,2,1,0,0,0,0,0,1
68,15,194840.1,233860.91,49385.61,51,1,0,0,0,0,0,0,0
34,99,404118.19,66758.59,257611.12,29,0,0,1,0,0,0,0,0
22,37,80212.01,236744.62,131675.84,56,1,1,0,0,0,1,0,0
46,1,48309.83,73002.93,106552.37,78,1,1,0,0,0,1,0,0
21,67,844447.13,284790.09,57508.28,81,1,1,0,0,0,1,0,0
27,111,1124069.23,193384.14,196916.46,29,1,0,0,0,1,0,0,0
73,24,867518.77,16114.41,50892.3,41,3,0,0,0,0,0,0,0
34,27,1145268.43,143830.63,200376.42,10,1,0,0,0,0,1,0,0
27,40,402723.61,84105.89,10901.97,26,0,0,0,0,1,0,0,0
34,63,836343.62,79669.29,299863.32,23,1,1,0,0,1,0,0,0
37,61,242288.77,184389.49,103842.07,38,1,0,0,0,1,0,0,0
41,36,548708.29,77817.44,86573.67,71,2,0,1,0,0,0,0,0
22,98,2247509.49,300021.43,141635.42,17,1,0,0,0,0,1,0,0
51,93,127915.84,14684.41,146801.56,76,1,0,0,1,0,0,0,0
23,24,247065.99,215990.45,21240.61,44,3,0,0,0,0,0,0,1
70,24,327008.79,331300.46,211731.73,87,0,0,0,0,1,0,0,0
19,106,74258.99,223456.11,48429.73,86,0,0,0,1,0,0,0,0
30,4,42255.59,137524.17,353021.58,11,0,0,0,1,0,0,0,0
60,67,885163.99,600378.3,255439.26,48,0,1,0,0,0,0,0,0
60,34,1881680.24,71317.42,63758.22,30,1,0,0,0,0,1,0,0
65,57,259365.95,3870.79,247335.45,21,2,0,0,0,0,0,0,1
28,49,45865.71,113123.03,66099.47,43,1,1,0,0,0,0,1,0
68,87,34038.66,6713.83,15962.11,63,1,1,1,0,0,0,0,0
64,53,1109665.5,615547.98,490084.85,76,1,0,0,0,0,1,0,0
74,116,311637.31,47123.72,158592.63,24,3,0,0,0,0,1,0,0
40,23,192851.33,311110.27,91348.35,50,0,0,0,0,0,1,0,0
72,109,323572.14,297950.97,76068.21,6,2,0,0,1,0,0,0,0
33,69,191585.8,49110.78,58890.92,5,0,0,0,0,1,0,0,0
48,95,335727.85,194163.39,598073.38,23,0,0,0,0,0,1,0,0
28,53,981474.64,9854.64,21710.05,18,1,0,0,0,0,0,0,1
71,62,448613.52,132164.88,56707.78,82,1,1,0,0,1,0,0,0
33,41,593154.49,2951.09,99683.27,8,3,0,0,1,0,0,0,0
25,57,226805.9,508026.07,97513.02,35,0,0,0,0,0,0,0,1
21,60,670671.74,746658.45,95618.98,39,1,1,0,0,0,0,0,1
57,54,549231.78,50278.45,28998.36,23,1,1,0,0,0,0,0,1
21,70,63667.88,46665.56,23486.23,47,0,0,0,0,0,1,0,0
73,101,425067.6,280257.38,44108.87,62,1,1,0,0,0,0,0,1
42,57,148357.03,58439.62,368931.73,68,1,1,0,0,0,0,0,0
20,10,815064.42,450904.87,17995.5,52,1,1,0,0,1,0,0,0
49,40,277508.68,170629.92,212466.71,53,1,1,0,0,0,0,0,0
20,7,2618532.61,86396.0,212542.97,41,0,1,0,1,0,0,0,0
44,103,48531.1,357585.86,248928.53,44,2,1,0,0,0,1,0,0
46,38,757855.09,136009.35,326545.57,89,0,0,0,0,0,0,0,1
49,85,559971.69,485251.14,45782.47,13,1,0,0,0,0,1,0,0
67,61,729430.01,526257.38,38148.6,28,1,0,0,0,0,1,0,0
68,84,183745.03,36165.37,93965.12,5,1,0,0,1,0,0,0,0
36,3,338690.55,465.22,46200.92,6,0,0,0,0,0,0,1,0
38,51,796065.57,826171.92,198813.75,36,0,1,0,0,0,1,0,0
22,86,132335.33,473184.94,151565.31,52,0,1,0,0,0,0,0,1
35,47,128113.15,11408.32,311901.46,17,2,0,0,0,1,0,0,0
45,68,400422.94,357993.33,12954.37,86,3,1,0,0,0,1,0,0
59,92,370710.5,122425.89,369912.73,37,1,0,0,0,0,0,0,1
39,76,165825.67,59940.57,52082.68,58,0,0,0,1,0,0,0,0
38,38,176964.82,421974.42,101206.04,0,0,0,0,0,0,0,0,0
23,115,162757.85,43797.25,86601.3,67,1,0,0,0,0,1,0,0
18,36,738135.93,588627.96,214262.36,43,1,0,0,0,0,1,0,0
22,111,527633.99,46039.04,81795.3,46,1,1,0,1,0,0,0,0
58,41,893138.81,190219.5,431168.36,34,0,1,0,0,0,0,0,1
29,69,1853990.94,50485.21,349237.57,86,0,0,0,0,0,1,0,0
43,13,321383.23,157785.71,308547.72,59,1,0,0,1,0,0,0,0
63,87,34511.02,230386.87,11088.7,89,1,1,0,0,0,1,0,0
51,58,24643.61,42200.49,288887.66,51,0,1,0,1,0,0,0,0
66,50,175250.62,147163.25,228238.4,7,1,0,0,0,0,1,0,0
31,30,1348144.24,126621.16,16390.71,79,2,0,0,0,0,0,1,0
43,62,370342.77,14737.36,17044.92,40,0,1,0,0,0,1,0,0
62,101,158580.51,341088.27,15998.17,2,1,0,0,0,0,1,0,0
44,25,254718.96,81798.99,1709.59,68,2,0,0,0,0,1,0,0
26,112,456392.33,170936.71,119321.61,83,0,1,0,0,0,1,0,0
43,27,529142.72,144632.32,543994.42,13,2,0,0,0,1,0,0,0
74,51,83570.39,144005.24,86620.88,25,2,0,0,0,0,0,1,0
64,78,1886819.63,22683.55,116726.53,69,1,1,0,0,0,1,0,0
74,57,393478.69,110149.75,516161.4,57,0,1,0,0,0,0,0,1
39,112,72910.92,120429.9,44192.35,39,1,1,0,1,0,0,0,0
64,47,1120440.54,264583.43,293286.8,50,1,0,0,0,1,0,0,0
73,118,38785.37,366539.83,118577.78,4,0,1,0,0,0,0,0,1
47,100,1191547.55,157483.78,126413.01,76,3,0,0,0,0,1,0,0
60,39,2836964.72,18156.34,63050.39,31,0,0,0,0,0,0,0,1
65,16,602706.59,54060.0,123688.18,79,0,1,0,0,0,0,0,0
34,22,735811.15,36048.91,11393.32,0,0,0,0,0,0,1,0,0
43,85,205718.58,26618.31,216998.13,76,2,1,0,0,0,0,0,0
53,54,1420021.56,91109.5,50255.42,53,2,0,0,0,0,1,0,0
18,21,377207.09,52115.48,327864.82,10,2,0,0,1,0,0,0,0
25,72,659109.39,49257.64,68794.45,52,0,1,0,0,0,1,0,0
66,113,1289220.13,11249.14,23116.82,7,0,0,0,0,0,0,0,1
52,16,1848052.27,3565.6,178550.71,24,4,0,0,0,0,0,0,1
69,59,895492.95,21688.22,26972.77,39,1,1,0,0,0,0,0,0
32,119,180497.49,37796.13,210168.88,31,2,0,0,0,0,1,0,0
64,31,1698814.63,112769.25,516829.94,87,2,0,0,0,0,0,0,1
73,42,494591.4,142882.44,226814.61,27,3,0,0,0,0,0,0,1
39,74,1334240.33,30302.28,3405.76,77,0,1,0,0,0,0,0,1
31,32,563667.98,110601.7,137400.79,2,1,0,0,0,0,0,0,0
43,59,183535.08,83633.74,178318.63,83,1,1,0,0,0,0,0,0
45,34,231037.19,40526.97,261838.76,78,2,0,0,0,1,0,0,0
40,9,399778.32,1372.85,8644.73,61,0,0,0,0,0,1,0,0
31,81,780359.21,125853.48,98120.08,26,1,0,0,0,1,0,0,0
41,11,191350.02,231450.77,114977.37,44,0,1,0,0,0,0,0,1
19,96,433430.35,51308.36,27791.36,24,1,0,0,0,0,1,0,0
62,10,212037.34,28268.21,58390.75,60,1,0,0,0,0,1,0,0
43,86,845783.54,436149.16,87032.18,43,0,1,0,0,0,1,0,0
31,17,314361.92,64323.56,268652.68,45,1,0,0,1,0,0,0,0
73,68,39912.9,50620.74,397624.85,13,0,0,0,1,0,0,0,0
68,48,90792.43,389117.76,148499.81,7,1,1,0,1,0,0,0,0
24,52,31525.64,339770.91,75365.43,47,1,1,0,0,0,0,0,1
20,111,345877.02,118967.02,43960.69,13,0,1,0,0,0,0,0,1
64,25,56213.43,134370.65,603738.32,64,0,0,0,0,0,1,0,0
40,21,60598.16,49115.85,611357.85,79,1,0,0,0,0,1,0,0
63,101,1415518.07,16307.46,388493.98,81,1,0,0,0,0,0,0,1
60,102,1030427.95,170396.62,231035.16,6,1,0,0,0,0,1,0,0
64,113,300819.01,20704.65,59129.72,78,1,1,0,0,0,1,0,0
62,65,2127444.05,119303.77,254740.77,87,0,0,0,0,0,0,0,1
35,63,93.27,564346.38,78838.36,48,0,1,0,1,0,0,0,0
55,89,475932.34,610818.05,59350.93,54,0,0,0,0,0,0,1,0
52,51,479114.2,54711.73,204894.58,12,0,0,1,0,0,0,0,0
68,36,305731.12,195693.57,12450.83,72,1,1,0,0,0,0,0,0
32,81,252875.9,128519.81,7467.23,55,2,0,0,0,0,0,0,1
42,105,303836.37,416987.53,89118.5,55,1,1,0,0,0,0,0,0
72,88,268037.9,63334.55,88490.82,14,1,0,0,1,0,0,0,0
54,66,655579.49,741.86,338992.29,56,0,1,0,0,0,1,0,0
45,104,72718.38,35481.42,20227.51,57,0,1,0,0,0,0,0,1
27,15,110098.46,86009.81,19735.81,34,1,1,0,0,1,0,0,0
56,96,99541.56,75877.95,23928.97,87,2,1,0,0,0,1,0,0
74,39,152224.65,313431.8,4528.1,15,0,0,0,0,0,0,0,1
34,70,372492.33,228237.58,11165.18,7,1,0,0,0,0,0,0,1
56,1,58946.44,71208.26,161764.05,86,0,0,0,0,0,1,0,0
39,111,1013118.36,122403.35,84735.35,44,2,0,0,0,0,1,0,0
43,23,176456.39,20087.66,216336.45,39,0,1,0,0,0,1,0,0
61,39,88689.69,456843.85,735895.05,53,1,1,0,0,0,1,0,0
42,57,562921.82,547985.04,161396.18,13,1,0,0,0,0,1,0,0
34,81,19415.27,780449.54,7765.94,58,3,0,0,0,1,0,0,0
30,34,483750.65,405830.05,16566.49,52,0,0,0,0,0,1,0,0
37,41,598992.77,38222.63,319299.92,26,1,0,0,0,0,0,0,1
42,93,120982.62,9459.52,112456.34,46,0,1,0,0,0,1,0,0
21,73,21435.0,173308.17,261305.88,79,1,1,1,0,0,0,0,0
27,13,225999.63,487463.5,291330.51,5,0,0,0,0,0,1,0,0
20,70,51899.88,39045.22,393986.86,54,0,0,0,0,0,0,0,1
58,6,61919.46,1413.57,448848.33,43,2,0,0,0,1,0,0,0
62,84,146689.96,327460.56,121393.44,17,0,1,0,0,1,0,0,0
35,52,175110.71,15980.94,62559.35,15,0,0,0,0,0,1,0,0
64,117,377479.74,106786.79,489992.92,11,1,0,0,0,1,0,0,0
53,3,567210.76,227192.65,118914.1,19,1,0,0,0,0,0,0,1
64,81,449189.73,54046.4,9961.48,44,1,0,0,0,0,0,0,1
39,63,80295.89,17539.61,154409.07,63,1,1,0,0,0,1,0,0
51,49,94423.02,293953.65,132895.06,58,0,1,0,0,0,1,0,0
64,76,1055029.76,198945.12,339206.21,89,2,1,0,1,0,0,0,0
25,112,408621.4,892916.23,158845.51,21,2,0,0,0,0,0,0,1
57,47,1019871.37,84412.83,64398.93,46,0,0,0,0,0,0,0,1
66,109,232246.63,12750.41,508208.38,28,1,0,0,1,0,0,0,0
61,55,476477.37,265115.15,242635.25,85,0,1,0,1,0,0,0,0
36,64,370815.28,147517.4,149307.24,44,1,1,0,0,0,1,0,0
59,65,192187.16,47957.24,51992.82,76,0,0,0,0,0,0,0,0
58,81,317359.3,304403.56,70150.62,8,2,0,0,0,0,1,0,0
54,67,349070.69,45569.79,166285.72,23,2,0,0,1,0,0,0,0
23,90,112053.87,60399.92,11205.43,14,2,0,0,0,0,0,0,0
69,15,189175.79,19418.64,44494.42,35,2,0,0,0,0,0,1,0
43,100,783691.74,101975.97,187712.57,12,2,0,0,0,0,1,0,0
51,32,1237210.35,108576.54,98094.31,43,1,1,0,0,0,1,0,0
73,96,222982.71,144540.65,77223.43,70,0,0,0,0,0,1,0,0
62,68,183342.64,246861.85,24635.29,71,0,0,0,0,0,1,0,0
23,18,108578.98,473106.96,87468.87,77,0,0,0,0,0,1,0,0
54,113,567365.13,29638.32,220903.36,75,0,0,1,0,0,0,0,0
74,83,195115.64,11176.15,45981.39,35,3,1,0,0,0,1,0,0
50,43,2201095.86,3741.02,811.98,60,2,1,0,0,0,1,0,0
70,116,197028.81,31008.54,165621.34,80,0,0,0,1,0,0,0,0
39,35,250549.91,214559.37,539727.56,39,2,1,0,0,0,0,0,1
38,104,462330.58,260006.51,140025.67,26,1,0,0,1,0,0,0,0
23,78,808947.52,308829.04,19161.69,0,0,0,0,0,0,1,0,0
23,58,316985.25,55865.6,58011.17,33,1,1,0,0,0,0,0,1
72,33,274658.53,73026.35,303336.3,67,0,1,0,0,0,1,0,0
65,14,2717393.23,131994.57,39705.82,87,3,0,0,0,0,1,0,0
21,34,5274.54,13053.48,140357.7,20,0,0,1,0,0,0,0,0
47,61,1127208.46,188907.96,77293.14,32,1,0,0,0,0,1,0,0
28,119,80754.32,823748.36,34949.49,6,1,0,0,0,0,0,0,1
47,4,770715.07,89509.55,251823.74,64,4,1,0,0,0,0,0,1
48,88,481077.76,279549.92,203703.43,2,2,1,0,0,0,1,0,0
41,59,209159.14,138643.0,162525.04,50,2,1,0,0,1,0,0,0
72,29,1035240.72,27350.02,40444.22,78,1,1,0,0,0,1,0,0
26,83,6495.63,174568.41,15447.34,53,2,0,0,0,0,0,0,0
72,6,128538.06,71299.07,128759.65,79,0,0,0,0,0,0,1,0
20,97,418385.0,7001.79,121007.14,73,0,0,0,0,0,0,0,1
68,49,216579.22,201533.08,31309.38,58,1,1,1,0,0,0,0,0
48,40,471288.47,391703.14,8683.57,5,3,0,0,0,0,1,0,0
57,83,12202.8,84553.72,12622.79,28,3,0,0,0,0,0,0,1
54,117,61908.75,98956.19,739447.9,16,2,0,0,0,0,1,0,0
53,65,67964.99,443321.27,229582.85,59,1,1,0,1,0,0,0,0
41,69,104918.52,335981.53,382632.89,21,1,0,0,0,0,0,1,0
48,27,307474.42,251020.12,32547.15,23,0,0,0,0,0,1,0,0
23,80,697422.81,57215.89,484978.68,80,0,0,0,0,0,0,0,0
19,6,1179783.26,482071.16,23087.12,84,0,1,0,0,0,1,0,0
37,104,902035.06,33545.5,106721.67,50,3,0,0,0,0,0,0,1
45,13,109630.47,197112.36,265525.25,49,2,1,0,0,0,0,0,1
28,112,290937.58,5844.81,64572.06,10,2,1,0,0,0,0,1,0
21,64,111204.16,206407.56,82963.06,55,2,0,0,0,0,0,0,0
32,62,153583.21,64909.15,20576.72,70,0,0,0,0,0,1,0,0
23,99,350133.21,119449.97,19673.88,41,0,0,0,0,0,1,0,0
71,19,35269.73,84704.8,144967.26,38,0,0,0,0,0,1,0,0
66,76,123061.75,37931.3,168835.42,68,1,0,0,0,0,1,0,0
47,80,1369601.43,194562.05,225311.36,47,0,0,0,0,0,1,0,0
73,43,313788.62,427372.7,122020.21,56,1,0,0,0,1,0,0,0
55,74,294741.93,639248.0,155666.79,20,0,0,0,0,0,0,0,1
68,89,7337.15,42724.4,2041.42,81,0,0,0,0,0,0,0,1
74,20,142110.53,252725.29,26541.14,19,1,0,0,0,0,1,0,0
19,95,1006050.11,218330.93,629105.83,14,0,0,0,0,1,0,0,0
32,68,89939.33,84129.29,11855.43,68,0,0,0,1,0,0,0,0
28,44,268178.51,3856.79,170348.19,76,2,1,0,0,0,1,0,0
25,23,7217.29,234101.96,29052.76,50,1,1,0,1,0,0,0,0
43,2,325365.29,581892.06,189197.17,75,1,1,0,0,0,0,0,1
68,22,10622.6,199999.76,183621.43,61,2,1,0,0,0,1,0,0
62,115,856315.81,114289.56,40024.95,84,3,1,0,0,0,0,0,1
61,57,871067.02,148952.9,47131.51,36,0,0,0,0,0,0,0,1
22,101,774976.83,44535.93,159531.97,5,1,0,0,0,0,1,0,0
23,72,166593.67,277694.68,74165.61,70,4,1,1,0,0,0,0,0
43,7,907730.73,274415.05,32452.74,25,2,0,0,0,1,0,0,0
71,78,391533.9,31451.8,197336.02,7,1,0,0,0,0,0,0,0
21,56,234049.21,420711.41,25111.55,72,2,1,0,0,0,0,0,1
36,119,490854.77,62720.28,290320.57,3,2,0,0,0,0,0,0,1
37,67,6208.91,806342.26,108438.78,20,0,0,0,0,0,0,0,0
50,114,77135.86,96545.82,16757.2,30,1,0,0,0,0,0,0,1
37,16,677967.04,39174.77,177660.99,20,3,0,0,0,0,1,0,0
66,119,139963.85,86686.55,109834.05,24,1,0,0,0,0,0,0,1
29,83,455662.94,116028.11,53085.58,14,0,0,0,0,1,0,0,0
64,51,243149.93,14365.33,82367.25,34,1,1,0,0,0,0,0,1
18,82,964841.49,172653.52,53145.47,48,0,1,0,0,0,1,0,0
43,116,1522622.06,182077.86,45780.37,42,2,0,0,1,0,0,0,0
31,80,1075209.88,268593.69,26798.76,40,2,0,0,0,0,1,0,0
55,72,157780.21,5920.76,67593.02,36,0,0,0,0,0,1,0,0
54,97,107936.81,155844.84,43349.88,56,0,1,0,0,0,1,0,0
28,113,321640.6,10871.69,172533.76,41,2,1,0,0,0,1,0,0
53,12,3680.59,241558.83,172743.46,46,0,1,0,1,0,0,0,0
30,53,13074.15,11468.2,104525.17,60,5,1,0,0,0,0,0,1
60,75,402923.55,485466.12,225724.21,13,1,0,0,0,0,1,0,0
20,5,367452.94,242187.78,276148.49,67,1,1,0,0,1,0,0,0
50,27,2609013.26,141607.4,130041.7,52,0,0,0,0,1,0,0,0
23,12,112724.25,116501.54,144717.86,83,2,1,0,0,1,0,0,0
67,17,149273.06,28007.1,49878.05,33,1,1,0,0,0,1,0,0
73,6,60260.0,68779.78,337882.5,75,1,1,0,0,0,0,0,1
27,97,1247739.23,406449.17,3675.57,23,0,0,0,0,0,0,1,0
22,5,752114.0,469627.01,64295.28,19,1,0,0,1,0,0,0,0
40,57,863939.33,149.6,191912.48,68,2,1,0,0,0,1,0,0
27,28,1165306.04,180347.62,12521.84,29,0,0,0,0,0,1,0,0
61,78,372114.97,254094.19,30348.56,87,2,0,0,0,0,0,0,1
19,69,300004.4,192858.41,133478.63,6,1,0,1,0,0,0,0,0
30,118,200531.01,17041.82,123144.93,35,0,1,0,0,0,0,0,1
57,59,444842.19,49109.76,201444.03,37,1,1,0,0,0,0,0,1
19,33,302823.16,57627.17,251186.6,79,5,1,0,0,0,1,0,0
37,62,300343.79,356430.71,20644.61,51,3,0,0,0,0,0,0,0
18,50,1381738.09,124425.73,2782.8,14,3,0,0,0,1,0,0,0
54,112,2068569.07,133428.92,175502.64,45,2,1,0,0,0,1,0,0
26,105,796006.28,546344.78,53799.78,22,1,0,0,1,0,0,0,0
34,19,706849.41,202717.82,147518.47,11,2,1,0,0,0,0,1,0
26,86,570590.03,457870.02,24473.97,43,0,1,0,0,0,1,0,0
28,69,90805.82,121948.37,94960.3,14,1,0,0,0,0,0,0,1
32,66,30462.3,32371.18,105305.41,48,0,1,0,0,0,1,0,0
41,94,586764.34,531668.08,131949.64,20,1,1,0,1,0,0,0,0
55,47,652423.96,122758.22,107976.05,14,2,0,0,0,0,0,0,1
72,39,24056.02,40088.49,102684.85,13,1,0,0,0,0,0,0,0
52,68,1315904.09,72020.66,60685.01,41,4,0,0,1,0,0,0,0
47,33,47782.46,10427.7,11076.09,79,0,0,0,0,0,1,0,0
48,13,168366.51,126335.39,14067.53,14,1,0,1,0,0,0,0,0
66,84,557965.42,383639.0,85315.43,62,2,1,0,0,0,0,0,1
22,54,93088.04,542352.79,65960.31,67,1,0,0,0,0,1,0,0
61,7,28505.27,539428.6,108892.34,26,1,0,0,0,0,0,0,0
67,79,201095.11,26758.86,54541.59,86,1,1,0,1,0,0,0,0
31,87,726156.35,96270.8,174669.59,52,0,0,0,0,0,1,0,0
70,14,266943.66,5726.97,299215.24,51,1,0,0,0,1,0,0,0
73,87,529176.23,386432.5,53257.84,62,2,1,1,0,0,0,0,0
28,19,433297.03,88868.97,32161.77,72,2,1,0,0,0,1,0,0
26,54,11234.52,199455.17,18525.38,52,1,1,0,0,0,0,1,0
51,93,2234445.72,250981.96,143666.18,56,1,0,0,0,0,1,0,0
29,20,21155.35,112369.29,88009.2,51,1,1,0,0,0,1,0,0
52,29,1717936.93,73184.18,31241.14,42,1,0,0,0,0,1,0,0
52,24,399102.96,655157.55,158823.69,6,2,1,0,0,1,0,0,0
18,82,1650572.33,667578.19,24110.4,41,0,0,0,0,0,0,0,0
57,63,60944.63,68339.36,121216.62,3,1,0,0,0,0,1,0,0
39,74,337072.95,130641.15,112346.05,68,1,0,0,0,0,0,0,1
46,105,92866.14,721232.62,198767.36,4,1,0,0,0,0,0,0,0
25,57,26160.0,976.06,8502.96,74,0,1,0,0,0,1,0,0
28,8,480551.37,106436.5,328218.38,79,0,1,0,0,1,0,0,0
58,90,116460.23,21173.81,182099.29,40,2,1,0,0,1,0,0,0
54,62,442998.4,142326.59,36526.05,3,2,0,0,0,0,0,0,1
31,29,59597.04,4995.87,30391.87,1,1,0,0,0,0,0,1,0
47,74,201723.43,104477.92,84755.37,66,1,1,0,0,0,0,0,1
52,17,760788.06,49871.6,255204.47,20,0,1,0,0,0,0,1,0
38,66,287283.58,152417.31,277678.65,69,0,1,0,0,0,0,0,0
54,6,494088.65,1103974.89,110237.97,42,0,0,0,0,0,0,0,0
22,58,521292.67,322424.41,295788.24,81,1,0,0,0,0,1,0,0
36,69,928165.14,373696.26,818.79,68,3,0,0,0,1,0,0,0
31,28,196464.11,201716.84,5371.22,8,1,0,0,0,0,0,0,1
43,62,581248.41,8489.63,364258.98,83,0,1,0,0,0,1,0,0
21,41,1630054.77,46335.39,223969.68,27,0,0,0,0,0,1,0,0
42,69,655117.48,518225.66,89868.24,25,1,1,0,0,0,0,0,1
62,82,336545.31,91176.95,210126.02,81,0,0,0,0,0,0,0,1
59,90,498096.6,21881.9,467310.75,82,0,1,0,1,0,0,0,0
42,84,672927.38,242404.6,221820.36,2,0,1,0,0,1,0,0,0
35,41,473730.46,71180.11,277126.98,72,3,0,0,0,0,1,0,0
57,49,8408.21,62629.22,214447.05,48,0,0,0,1,0,0,0,0
25,91,108315.84,1240679.79,27626.49,16,1,0,0,0,0,1,0,0
56,49,831599.27,390581.41,268980.78,62,1,1,0,0,1,0,0,0
57,76,159174.19,104828.72,32557.23,54,1,1,0,0,1,0,0,0
31,71,657567.87,785033.89,334695.09,22,1,0,0,0,0,0,0,1
49,3,232703.28,210029.13,92053.36,33,1,0,0,1,0,0,0,0
68,10,368951.29,270976.54,169504.65,68,2,0,0,0,0,1,0,0
55,98,35196.91,6404.05,103146.61,14,0,0,0,0,0,0,0,1
50,89,99973.32,25931.84,14805.89,46,1,0,0,0,1,0,0,0
40,35,1575573.12,200525.08,51526.22,2,1,0,0,0,0,0,0,1
32,80,1104265.37,458574.45,617781.95,82,1,0,0,0,0,1,0,0
50,2,528171.83,195496.96,485535.93,27,1,0,0,0,0,0,0,1
42,24,307764.1,28779.82,57956.81,2,0,0,0,0,1,0,0,0
34,74,563137.64,24605.36,839783.87,3,0,0,0,0,0,1,0,0
50,38,481966.78,371818.32,280183.89,87,1,0,0,0,0,1,0,0
64,22,420304.44,30002.4,141610.77,30,1,0,0,1,0,0,0,0
72,26,30500.17,146890.51,6142.77,44,0,0,0,0,1,0,0,0
19,43,500927.86,7563.91,347573.86,58,1,0,0,0,0,1,0,0
31,55,732495.75,16821.98,122273.25,44,4,1,0,0,0,1,0,0
70,39,2564849.19,223160.81,304285.06,74,0,1,0,0,0,1,0,0
57,91,5570.19,233709.17,269753.38,36,2,1,0,0,0,1,0,0
57,29,654987.97,83548.86,268469.8,64,0,1,0,0,0,0,0,1
68,111,424069.98,48569.73,179685.62,8,0,0,0,1,0,0,0,0
56,102,284626.69,336090.43,51672.82,16,1,0,0,0,0,0,0,0
68,20,68236.53,48950.89,61457.18,64,1,1,0,0,0,0,0,0
23,91,263041.67,156189.04,55327.14,2,1,0,0,0,0,1,0,0
23,41,218769.91,689713.41,3037.45,25,1,0,0,0,1,0,0,0
20,54,180362.92,31999.11,131045.37,52,2,1,0,0,0,0,0,1
24,20,656298.25,565624.57,180013.89,30,1,1,0,0,0,0,1,0
68,108,603197.07,40397.06,288484.68,25,0,0,0,0,0,0,0,0
25,19,444605.47,167608.33,22652.29,22,1,0,0,0,0,1,0,0
59,84,1395700.8,94644.23,117849.63,29,1,0,0,0,0,0,0,0
69,99,215279.46,670073.87,1206.06,9,1,0,0,0,0,1,0,0
32,111,139725.97,63914.93,14988.57,71,0,0,0,0,0,0,0,0
64,66,533416.3,102051.16,8360.48,88,2,1,0,0,0,1,0,0
46,30,110831.11,813269.45,193908.6,63,0,0,0,0,0,1,0,0
50,53,189175.89,153777.0,12680.1,21,1,0,0,0,1,0,0,0
69,34,127189.7,139684.26,189056.6,14,0,0,0,0,0,1,0,0
47,22,35830.48,59621.51,43077.27,55,0,1,0,0,1,0,0,0
56,67,878675.37,241705.67,315207.63,73,2,0,0,0,0,1,0,0
44,6,146877.26,2895.45,251617.36,19,0,0,0,0,0,0,0,0
53,79,320303.46,10156.08,474907.71,46,3,0,0,0,0,0,0,0
46,27,22140.69,182937.7,322817.34,86,1,0,0,0,0,0,0,1
55,10,600886.72,83611.18,406198.72,52,1,1,0,0,0,1,0,0
74,73,200657.62,612872.35,293575.51,52,1,0,0,0,0,1,0,0
50,97,682729.91,467002.42,177322.84,0,1,0,0,0,0,1,0,0
54,96,265857.02,250147.39,27996.28,1,2,0,0,0,0,1,0,0
44,48,108926.04,340909.76,47557.88,57,1,0,0,0,0,0,0,0
72,70,359925.37,220121.97,35877.02,18,2,1,1,0,0,0,0,0
50,105,69921.09,26839.37,138794.34,61,1,0,0,0,1,0,0,0
21,59,290390.87,290096.93,105062.01,77,0,1,0,1,0,0,0,0
39,100,190853.89,47193.07,302701.17,71,1,1,0,1,0,0,0,0
19,59,1214979.65,78147.67,457600.73,11,2,0,0,0,0,0,0,0
27,2,31431.95,342110.62,77843.76,25,1,0,0,0,0,1,0,0
22,29,592113.54,153800.83,105889.45,26,2,0,1,0,0,0,0,0
27,68,100905.83,393137.9,533763.79,28,0,0,0,0,0,0,0,0
50,65,192129.58,47914.38,48494.1,14,0,0,0,0,0,0,0,1
71,83,268511.28,187185.68,235814.65,45,2,0,0,0,0,1,0,0
55,26,1193065.37,17502.15,38280.28,0,0,0,0,0,0,0,0,1
30,89,138917.53,206038.07,171601.14,59,2,0,0,0,0,0,0,1
48,10,47874.98,287546.2,43877.19,56,1,0,0,0,1,0,0,0
64,53,191868.64,175862.05,322780.4,2,2,0,0,0,0,0,0,1
53,79,55284.79,61912.34,123651.78,17,2,0,0,0,0,1,0,0
62,59,68825.07,6368.87,30857.01,51,1,0,0,0,0,0,1,0
41,22,426482.64,25441.46,38111.79,59,1,1,0,0,0,1,0,0
69,51,31417.68,194732.59,102138.09,33,1,0,0,0,0,0,0,1
73,48,15709.67,544897.56,488962.59,88,0,1,0,0,0,1,0,0
32,21,626606.21,46269.02,220218.21,59,1,1,0,1,0,0,0,0
46,22,224432.0,265624.83,100505.34,25,1,0,1,0,0,0,0,0
25,100,66980.23,402657.46,61809.83,71,2,0,0,0,0,1,0,0
22,98,146255.37,147161.75,119532.52,18,0,0,0,0,1,0,0,0
46,30,513731.98,221288.05,206963.86,21,3,0,0,0,0,1,0,0
64,25,161162.0,337496.45,229821.95,32,0,0,1,0,0,0,0,0
21,109,341124.52,60403.58,58869.48,37,1,0,0,1,0,0,0,0
29,28,64880.86,70450.0,191567.18,34,1,1,0,0,1,0,0,0
62,65,443479.62,125.54,160849.07,66,2,1,0,0,0,1,0,0
19,113,189955.47,659876.94,479538.87,82,2,1,0,0,0,0,1,0
44,45,493046.12,499100.26,401243.73,9,3,0,0,1,0,0,0,0
48,68,826159.35,289266.85,233654.48,14,1,0,0,0,0,1,0,0
68,7,472919.53,16475.56,192774.55,10,1,1,0,0,1,0,0,0
68,49,175309.21,118661.42,48039.38,89,2,1,0,0,0,1,0,0
53,9,147684.91,21492.94,280586.56,23,0,0,0,0,1,0,0,0
53,36,198317.82,3209.67,83662.88,76,1,0,0,0,0,1,0,0
43,83,89934.59,191517.86,47667.71,3,1,0,0,1,0,0,0,0
60,1,99940.52,647965.85,72715.4,12,2,1,0,0,0,0,0,1
44,10,781972.07,466336.93,271124.34,72,1,1,0,0,0,1,0,0
22,36,242849.14,238642.72,24136.84,56,2,1,0,0,0,1,0,0
37,73,286346.24,20326.96,91364.68,36,0,1,0,0,0,1,0,0
28,109,450761.98,64086.25,101696.7,47,1,0,0,0,0,0,0,1
27,46,445376.67,77149.18,5597.61,70,1,0,0,0,0,1,0,0
57,106,34877.05,288065.7,32676.03,0,0,0,0,0,0,0,0,1
55,32,890530.81,324149.5,262946.39,59,1,1,0,0,0,1,0,0
23,32,97597.97,97261.12,266472.17,11,1,0,0,0,0,1,0,0
25,6,641998.21,108217.11,51884.65,20,0,0,0,1,0,0,0,0
40,48,740678.46,9106.0,311792.96,10,2,0,0,0,0,1,0,0
64,38,627456.82,68255.03,221618.71,43,0,1,1,0,0,0,0,0
43,17,432534.68,120035.28,81168.88,57,2,1,0,0,1,0,0,0
63,74,7358.38,24882.18,206991.0,43,2,0,0,0,0,0,0,0
60,114,223436.99,120759.11,487921.64,77,1,0,0,0,0,0,0,1
29,27,464231.54,383703.88,92142.0,33,0,0,0,0,1,0,0,0
43,54,245063.41,174130.16,40855.42,24,1,0,0,0,0,1,0,0
30,50,995641.69,16443.82,426623.02,3,1,0,0,0,0,1,0,0
57,35,184664.68,42557.3,138854.33,63,2,0,0,0,0,1,0,0
35,116,173740.66,128697.9,16684.18,89,1,1,0,1,0,0,0,0
42,85,154621.55,89722.7,127534.31,15,1,0,0,0,0,1,0,0
50,25,202318.38,88860.01,104146.45,9,0,0,0,0,0,0,0,1
64,28,407550.03,150693.04,290263.67,65,1,1,0,0,0,0,1,0
57,111,613817.44,175604.44,113475.42,34,1,1,0,0,1,0,0,0
60,15,543195.51,318773.52,44202.47,82,2,0,0,0,0,0,0,1
29,4,824395.65,83396.2,168887.07,5,3,0,0,0,0,1,0,0
61,93,1085401.34,327429.96,117321.5,18,0,0,0,0,1,0,0,0
53,73,846624.6,82682.69,39799.0,58,0,1,0,0,0,0,0,1
65,27,9563.58,11405.73,127866.41,52,0,0,0,0,0,1,0,0
21,26,665747.72,161571.43,258504.9,7,2,0,0,0,0,1,0,0
22,19,116849.26,177298.98,4348.05,77,2,0,1,0,0,0,0,0
73,92,71316.65,545263.95,149483.25,9,0,1,0,0,0,0,0,0
54,17,508731.11,258970.2,64521.74,66,3,1,0,0,1,0,0,0
25,43,192642.45,499653.47,51939.0,37,0,0,0,0,1,0,0,0
59,41,29406.62,477949.57,74782.13,28,0,1,0,0,0,0,0,1
66,42,74035.28,185558.38,62787.72,14,2,1,0,0,0,0,0,1
45,50,464.92,150054.46,267782.34,86,2,1,0,0,0,0,0,1
48,84,1167676.2,163036.28,48195.72,22,1,0,0,0,0,1,0,0
26,109,12463.04,766372.75,198161.99,81,1,0,0,0,0,0,0,1
71,40,117516.84,296708.85,14817.3,45,1,1,0,1,0,0,0,0
68,39,269152.18,22469.4,453608.57,82,2,0,0,0,0,0,0,0
46,113,220472.05,301401.9,146054.86,27,2,0,0,0,1,0,0,0
31,117,1213654.14,37395.61,183993.4,25,2,0,0,0,0,0,0,1
57,23,20561.51,118606.28,53081.69,9,1,0,0,0,0,0,0,0
58,111,358939.97,47260.87,79678.89,46,3,0,0,0,0,0,0,0
39,96,570466.86,233967.79,37997.58,3,3,0,0,0,0,0,0,1
28,52,1341907.92,419618.46,404424.36,54,3,0,0,1,0,0,0,0
40,47,484280.74,68600.03,100445.2,65,1,1,0,0,0,1,0,0
18,63,814196.3,17113.92,149319.62,66,0,0,0,0,0,0,0,1
63,97,43719.34,70904.91,198792.32,6,2,1,0,0,0,1,0,0
54,110,243830.92,223169.1,69568.91,54,0,0,0,0,0,1,0,0
38,69,234160.23,79725.74,190999.32,79,0,1,0,0,0,0,0,1
43,43,1087044.12,65177.1,169048.29,30,1,0,0,0,0,0,0,0
63,48,82066.69,40774.88,183452.62,73,1,1,0,0,0,0,1,0
53,34,82370.21,137638.47,100775.35,18,1,1,0,0,0,0,0,0
71,40,199163.93,64578.64,72417.72,27,0,0,0,1,0,0,0,0
40,75,28002.74,262616.47,37670.16,80,1,0,0,0,0,0,0,1
74,61,100726.53,15943.41,261125.47,27,3,0,0,0,0,0,0,0
18,50,1679207.45,218148.49,140608.02,18,0,0,0,0,0,1,0,0
71,67,279468.96,54246.3,88143.09,86,0,0,0,0,0,1,0,0
72,62,499862.27,134386.47,432349.57,19,3,0,0,0,0,1,0,0
68,58,647516.66,67399.65,7353.14,12,1,1,0,0,0,0,0,1
57,33,228611.95,256580.6,284740.04,76,2,1,0,0,0,1,0,0
32,75,79630.99,581204.06,903758.97,42,1,1,0,0,0,1,0,0
38,16,115701.92,497968.03,326978.29,10,0,0,0,0,0,1,0,0
64,82,187904.47,175138.34,249454.75,47,2,1,0,0,0,0,1,0
26,94,505394.7,124206.35,70334.08,14,0,0,0,0,0,1,0,0
70,48,253981.99,341080.22,39460.94,16,0,1,0,0,0,0,0,1
26,119,3419.01,229976.71,199119.23,53,1,0,0,0,0,1,0,0
27,10,370546.4,40561.38,54484.9,49,3,1,0,0,0,0,0,0
69,82,1272413.63,343983.65,29044.94,27,1,0,0,0,0,1,0,0
74,38,835863.11,112032.72,231635.96,82,0,0,0,0,0,1,0,0
70,19,872088.94,41893.91,56213.54,3,0,0,0,0,0,0,0,1
43,36,792514.18,66200.7,368783.64,21,1,1,0,0,0,1,0,0
58,59,195582.05,62265.77,275481.5,85,0,1,0,0,0,1,0,0
52,63,724497.46,146463.68,282226.7,38,0,1,0,0,0,1,0,0
69,77,77252.83,53411.27,221478.64,33,1,1,0,0,0,1,0,0
42,46,536057.45,26378.89,319145.38,43,1,1,0,0,0,1,0,0
43,3,513008.95,26407.27,245788.99,41,0,0,0,0,0,1,0,0
28,74,12951.19,175066.32,138388.34,39,1,0,0,0,1,0,0,0
55,102,775514.07,265423.5,52608.77,11,1,0,0,0,0,0,0,1
19,65,1167802.68,77583.89,328668.89,1,0,0,0,0,0,0,0,1
24,119,155588.14,7053.06,275454.19,27,0,0,0,0,0,1,0,0
35,91,836696.9,27215.47,96048.86,73,0,0,1,0,0,0,0,0
44,110,43000.11,492303.41,5979.41,85,0,1,0,0,0,1,0,0
51,8,458105.19,136063.43,152642.13,80,2,0,0,0,0,1,0,0
44,51,332422.61,120870.84,7788.26,89,2,0,0,0,0,0,0,0
34,110,394744.83,7758.39,391122.09,66,2,1,0,0,0,1,0,0
60,106,1303233.52,260859.59,489076.82,70,1,1,0,0,0,1,0,0
61,81,1025194.82,150184.11,31513.77,71,1,0,0,0,0,0,0,1
68,73,768753.22,45149.62,169232.14,83,2,1,0,0,1,0,0,0
71,6,159895.0,23323.34,14521.08,75,1,1,0,0,0,0,0,1
41,107,1214179.77,96703.02,196131.86,80,0,1,0,1,0,0,0,0
42,89,51297.56,362999.84,63992.82,9,0,0,0,0,0,0,1,0
24,39,959782.39,400932.96,171408.19,85,0,1,0,0,0,1,0,0
69,113,198867.58,184686.42,69991.77,56,1,0,0,0,0,1,0,0
23,60,27636.03,260050.07,23597.67,85,1,1,0,0,0,1,0,0
70,28,553357.99,24468.74,78159.17,36,1,0,0,0,0,0,0,1
41,97,131514.2,177407.59,17931.34,76,0,0,0,0,0,0,0,1
50,54,139573.38,219901.96,129016.08,63,4,0,1,0,0,0,0,0
66,37,182675.64,44807.0,6272.05,78,0,0,0,1,0,0,0,0
46,9,32901.54,424310.76,112400.4,85,4,1,0,0,0,0,0,0
60,82,97476.79,43381.79,326219.37,39,0,1,0,0,0,1,0,0
39,56,2576.44,75223.22,272906.54,59,2,0,0,0,1,0,0,0
43,59,294762.66,193810.1,321557.59,47,0,0,0,0,0,0,1,0
45,85,44008.87,203415.71,382750.85,18,0,0,0,0,1,0,0,0
67,2,573879.11,240384.81,16560.63,71,0,0,0,0,0,1,0,0
38,61,134346.98,23759.35,20673.47,32,0,1,0,0,0,0,0,0
66,58,1437413.89,378711.18,122130.13,43,1,1,0,0,0,1,0,0
24,107,1024947.69,152219.75,336608.76,36,0,1,0,0,0,1,0,0
34,60,170851.57,127475.07,549478.58,88,0,1,0,0,0,1,0,0
37,102,764425.65,793693.54,7104.93,35,1,1,0,0,0,0,0,0
58,40,812897.75,269705.94,65955.87,80,0,0,0,0,0,0,0,0
66,36,2154875.84,25114.01,35908.9,87,0,0,0,0,0,1,0,0
37,114,455452.61,282559.84,211567.07,20,0,0,0,0,0,1,0,0
71,107,42760.28,20019.09,153328.49,1,1,0,0,0,0,0,0,1
39,37,520413.11,5570.99,19155.92,30,2,0,0,0,0,1,0,0
45,79,490387.63,103377.42,99108.41,29,1,0,0,0,0,1,0,0
57,92,508539.99,1009610.52,173487.32,75,1,1,0,0,0,0,0,1
66,18,183467.74,38446.24,226442.55,43,3,0,0,1,0,0,0,0
24,98,981913.4,223341.61,3038.47,11,0,0,0,0,0,1,0,0
18,63,1602883.35,38085.92,331732.94,50,3,1,0,0,0,1,0,0
49,22,122766.49,258041.97,126345.04,48,0,1,0,0,0,1,0,0
30,11,46141.07,140782.45,250624.5,23,1,0,1,0,0,0,0,0
47,58,108167.78,227869.18,247490.58,23,0,1,0,0,0,0,0,0
40,57,858935.29,45348.3,31580.87,59,0,1,0,0,0,0,0,0
68,77,564501.68,273791.76,17509.08,10,3,0,0,0,0,1,0,0
73,4,505365.74,1086098.38,191636.05,12,2,0,0,0,0,0,0,1
36,86,256909.33,219113.69,25516.31,71,1,0,0,0,0,1,0,0
49,7,431171.2,136038.29,284505.5,73,0,1,0,0,0,0,0,0
47,61,183993.72,513242.4,194297.84,71,1,1,1,0,0,0,0,0
46,107,324278.22,3195.77,276608.34,63,1,0,0,0,0,0,0,0
66,54,787670.51,261810.02,53289.82,19,0,0,0,0,1,0,0,0
62,88,1988056.75,439188.81,57100.82,71,0,0,0,1,0,0,0,0
46,68,1347731.8,12731.69,166855.68,72,2,0,0,0,0,1,0,0
47,92,1358035.71,119590.74,4792.65,70,1,1,1,0,0,0,0,0
33,79,257269.37,45812.07,194466.26,77,0,1,0,0,0,1,0,0
