transaction_id,customer_id,agent_id,transaction_type,amount_ugx,timestamp,agent_location
TXN0001,CUS083,AGT5008,deposit,66800,2025-02-19 06:01:27,Dar es Salaam
TXN0002,CUS067,AGT5033,withdrawal,30400,2025-02-11 08:02:40,Kampala
TXN0003,CUS101,AGT5000,deposit,47000,2025-01-26 06:21:17,Entebbe
TXN0004,CUS079,NULL,transfer,2000,2025-02-22 14:19:32,NULL
TXN0005,CUS088,NULL,bill_payment,45300,2025-02-28 14:48:23,NULL
TXN0006,CUS048,AGT5039,deposit,19100,2025-02-01 07:06:12,Kampala
TXN0007,CUS036,AGT5013,withdrawal,56600,2025-01-09 21:27:24,Kampala
TXN0008,CUS038,AGT5007,withdrawal,56800,2025-01-21 09:22:41,Kampala
TXN0009,CUS114,AGT5046,deposit,77900,2025-02-01 23:29:11,Kampala
TXN0010,CUS162,AGT5010,deposit,45900,2025-02-18 02:22:52,Jinja
TXN0011,CUS156,AGT5020,deposit,10300,2025-02-28 12:31:23,Jinja
TXN0012,CUS035,AGT5042,deposit,169500,2025-01-30 02:40:57,Nairobi
TXN0013,CUS089,NULL,transfer,19200,2025-01-15 14:52:43,NULL
TXN0014,CUS056,AGT5022,deposit,30000,2025-02-16 00:41:09,Gulu
TXN0015,CUS038,AGT5030,deposit,2700,2025-02-07 19:48:38,Kampala
TXN0016,CUS033,NULL,bill_payment,55400,2025-01-21 06:08:31,NULL
TXN0017,CUS144,AGT5018,deposit,19700,2025-01-02 20:58:23,Gulu
TXN0018,CUS086,AGT5042,withdrawal,35700,2025-03-01 14:25:51,Jinja
TXN0019,CUS167,NULL,bill_payment,52200,2025-01-15 05:50:31,NULL
TXN0020,CUS158,AGT5022,bill_payment,58800,2025-01-25 15:44:07,Kampala
TXN0021,CUS095,AGT5039,deposit,20700,2025-01-21 05:17:20, Kampala 
TXN0022,CUS179,AGT5045,deposit,89200,2025-02-21 04:02:28,Kampala
TXN0023,CUS129,AGT5021,deposit,40100,2025-02-25 09:00:34,Kampala
TXN0024,CUS122,AGT5003,deposit,4900,2025-03-01 00:10:55,Mbarara
TXN0025,CUS029,NULL,bill_payment,43200,2025-03-01 02:51:06,NULL
TXN0026,CUS084,AGT5021,deposit,62400,2025-01-28 22:25:38,Mbarara
TXN0027,CUS096,NULL,transfer,74800,2025-02-15 19:34:53,NULL
TXN0028,CUS043,AGT5019,deposit,7200,2025-02-16 02:04:47,Kampala
TXN0029,CUS163,NULL,transfer,49800,2025-01-11 08:24:11,NULL
TXN0030,CUS088,AGT5014,deposit,19600,2025-02-12 07:15:54,Kampala
TXN0031,CUS036,AGT5033,deposit,51700,2025-01-14 02:49:57,Gulu
TXN0032,CUS005,NULL,transfer,33000,2025-01-10 05:05:46,NULL
TXN0033,CUS110,AGT5012,deposit,72500,2025-02-03 20:27:55,Gulu
TXN0034,CUS151,AGT5020,withdrawal,107100,2025-01-19 20:42:01,Mbarara
TXN0035,CUS016,AGT5022,withdrawal,8900,2025-01-26 22:21:41,Kampala
TXN0036,CUS164,AGT5021,deposit,51600,2025-01-23 22:18:42,Kampala
TXN0037,CUS169,AGT5029,deposit,120100,2025-02-17 08:22:25,Jinja
TXN0038,CUS168,AGT5038,deposit,71400,2025-01-24 00:31:08,Kampala
TXN0039,CUS140,AGT5037,deposit,18100,2025-02-19 05:37:34,Kampala
TXN0040,CUS042,AGT5010,deposit,83500,2025-02-02 08:16:42,Nairobi
TXN0041,CUS200,AGT5005,withdrawal,249200,2025-01-30 22:52:34,Entebbe
TXN0042,CUS013,AGT5008,deposit,39800,2025-03-01 08:10:39,Entebbe
TXN0043,CUS052,AGT5003,transfer,20100,2025-03-01 01:36:22,Entebbe
TXN0044,CUS012,AGT5014,deposit,28900,2025-01-29 16:50:54,Kampala
TXN0045,CUS035,AGT5006,transfer,1300,2025-01-25 18:34:06,Entebbe
TXN0046,CUS064,AGT5007,withdrawal,42700,2025-01-09 07:00:31,Kampala
TXN0047,CUS050,AGT5012,deposit,144200,2025-01-10 06:20:40,Kampala
TXN0048,CUS005,AGT5024,deposit,61700,2025-02-16 20:42:09,Jinja
TXN0049,CUS072,AGT5012,deposit,165100,2025-01-23 21:34:27,Dar es Salaam
TXN0050,CUS134,AGT5018,deposit,18900,2025-01-19 11:27:03,Kampala
TXN0051,CUS121,AGT5007,deposit,48000,2025-01-29 23:23:30,Kampala
TXN0052,CUS144,AGT5013,withdrawal,54000,2025-02-14 06:45:49,Kampala
TXN0053,CUS033,AGT5033,bill_payment,56100,2025-02-05 12:57:19,Kampala
TXN0054,CUS180,AGT5045,deposit,213200,2025-01-04 14:59:38,Kampala
TXN0055,CUS096,AGT5019,deposit,72700,2025-01-12 05:45:04,Gulu
TXN0056,CUS106,AGT5044,deposit,23900,2025-02-08 02:45:45,Gulu
TXN0057,CUS109,AGT5037,withdrawal,120100,2025-02-13 03:45:20,Jinja
TXN0058,CUS199,AGT5034,deposit,20300,2025-01-18 18:08:17, Mbarara 
TXN0059,CUS087,AGT5022,deposit,45700,2025-01-15 01:16:20,Kampala
TXN0060,CUS070,AGT5023,withdrawal,112600,2025-02-08 03:45:14,Kampala
TXN0061,CUS059,AGT5032,deposit,10600,2025-02-17 12:37:37,Jinja
TXN0062,CUS013,AGT5006,withdrawal,419100,2025-02-21 04:13:36,Kampala
TXN0063,CUS169,AGT5047,deposit,7000,2025-01-03 08:20:47,Kampala
TXN0064,CUS052,AGT5045,bill_payment,58100,2025-01-14 15:37:26,Entebbe
TXN0065,CUS084,NULL,transfer,41500,2025-01-05 23:49:27,NULL
TXN0066,CUS088,AGT5008,withdrawal,19700,2025-02-11 17:58:13,Kampala
TXN0067,CUS018,AGT5023,transfer,51100,2025-02-23 15:28:11,Nairobi
TXN0068,CUS089,AGT5009,deposit,65700,2025-01-13 06:14:31,Kampala
TXN0069,CUS190,NULL,transfer,110100,2025-02-19 02:49:31,NULL
TXN0070,CUS162,NULL,transfer,52400,2025-02-06 21:00:03,NULL
TXN0071,CUS005,AGT5025,deposit,115400,2025-01-17 09:33:35,Kampala
TXN0072,CUS054,AGT5011,withdrawal,21000,2025-02-15 21:14:39,Kampala
TXN0073,CUS092,AGT5018,withdrawal,31300,2025-02-22 04:21:01,Kampala
TXN0074,CUS175,AGT5025,withdrawal,163300,2025-02-12 04:39:52,Gulu
TXN0075,CUS023,AGT5044,deposit,14500,2025-01-27 15:26:56,Gulu
TXN0076,CUS073,AGT5038,deposit,53400,2025-02-04 17:30:29,Gulu
TXN0077,CUS022,NULL,transfer,54600,2025-02-13 13:00:16,NULL
TXN0078,CUS065,AGT5033,withdrawal,73800,2025-02-21 17:52:46,Kampala
TXN0079,CUS020,AGT5004,deposit,181600,2025-02-20 05:48:19,Kampala
TXN0080,CUS105,AGT5018,deposit,50900,2025-01-23 22:45:48,Entebbe
TXN0081,CUS107,NULL,transfer,35900,2025-02-19 10:10:01,NULL
TXN0082,CUS030,AGT5033,withdrawal,37600,2025-01-15 12:39:48,Kampala
TXN0083,CUS047,NULL,transfer,17500,2025-01-07 19:20:05,NULL
TXN0084,CUS051,AGT5042,deposit,10700,2025-03-01 03:19:42,Jinja
TXN0085,CUS013,NULL,bill_payment,37700,2025-02-15 11:52:19,NULL
TXN0086,CUS058,AGT5030,bill_payment,48800,2025-01-15 17:48:18,Nairobi
TXN0087,CUS195,NULL,bill_payment,57400,2025-02-13 03:40:13,NULL
TXN0088,CUS015,NULL,bill_payment,45500,2025-01-11 12:31:25,NULL
TXN0089,CUS144,AGT5046,deposit,20100,2025-01-27 06:04:01,Entebbe
TXN0090,CUS033,AGT5005,deposit,138600,2025-02-17 11:19:34,Jinja
TXN0091,CUS010,AGT5014,withdrawal,20300,2025-01-26 03:26:11,Jinja
TXN0092,CUS194,AGT5035,withdrawal,27600,2025-02-23 13:40:04,Dar es Salaam
TXN0093,CUS074,AGT5028,withdrawal,207500,2025-02-11 05:05:41,Entebbe
TXN0094,CUS117,AGT5024,withdrawal,71800,2025-02-03 22:41:16,Gulu
TXN0095,CUS199,AGT5033,deposit,84100,2025-01-05 09:58:12,Mbarara
TXN0096,CUS112,NULL,transfer,123200,2025-02-12 12:47:59,NULL
TXN0097,CUS071,AGT5009,withdrawal,245100,2025-02-11 01:29:03,Jinja
TXN0098,CUS030,AGT5030,withdrawal,243300,2025-01-07 11:12:57,Gulu
TXN0099,CUS029,NULL,transfer,21600,2025-01-04 18:20:35,NULL
TXN0100,CUS095,AGT5034,deposit,44200,2025-01-10 16:08:16, Kampala 
TXN0101,CUS106,AGT5026,deposit,40100,2025-01-27 07:49:39,Kampala
TXN0102,CUS073,AGT5022,deposit,2500,2025-02-23 04:20:31,Jinja
TXN0103,CUS184,AGT5015,deposit,23300,2025-01-04 17:52:43,Mbarara
TXN0104,CUS141,AGT5034,deposit,74500,2025-01-31 22:12:45,Jinja
TXN0105,CUS194,AGT5047,deposit,5500,2025-02-20 05:24:42,Jinja
TXN0106,CUS196,AGT5024,deposit,39900,2025-02-24 05:28:23,Jinja
TXN0107,CUS175,AGT5034,withdrawal,563500,2025-02-20 04:00:50,Gulu
TXN0108,CUS167,AGT5012,withdrawal,242800,2025-02-06 21:58:13,Kampala
TXN0109,CUS146,AGT5027,deposit,5100,2025-02-24 13:03:29,Kampala
TXN0110,CUS143,AGT5018,deposit,91400,2025-02-26 00:52:13,Dar es Salaam
TXN0111,CUS159,AGT5025,withdrawal,33500,2025-01-27 21:23:37,Kampala
TXN0112,CUS180,AGT5037,deposit,40800,2025-01-11 23:00:43,Kampala
TXN0113,CUS159,NULL,transfer,55000,2025-01-28 18:20:37,NULL
TXN0114,CUS089,AGT5044,deposit,68000,2025-02-07 12:34:58,Dar es Salaam
TXN0115,CUS180,AGT5027,withdrawal,86600,2025-02-25 18:23:53,Jinja
TXN0116,CUS073,AGT5039,deposit,71900,2025-01-02 12:54:33,Kampala
TXN0117,CUS165,AGT5005,deposit,3400,2025-02-15 15:45:57,Kampala
TXN0118,CUS175,AGT5013,deposit,61800,2025-01-22 15:51:44,Entebbe
TXN0119,CUS169,AGT5043,withdrawal,106500,2025-01-09 13:54:03,Kampala
TXN0120,CUS009,AGT5036,withdrawal,90300,2025-02-08 19:49:26,Kampala
TXN0121,CUS108,AGT5004,deposit,51400,2025-03-01 08:19:45,Jinja
TXN0122,CUS043,AGT5015,deposit,50200,2025-01-02 13:11:25,Kampala
TXN0123,CUS100,AGT5000,withdrawal,166200,2025-01-08 14:17:04,Entebbe
TXN0124,CUS150,AGT5008,deposit,52400,2025-02-21 08:35:15,Kampala
TXN0125,CUS196,AGT5006,deposit,141900,2025-02-27 03:29:11,Jinja
TXN0126,CUS065,AGT5032,withdrawal,159600,2025-02-13 20:09:26,Kampala
TXN0127,CUS108,AGT5008,withdrawal,430700,2025-02-03 22:29:39,Jinja
TXN0128,CUS132,AGT5049,deposit,118900,2025-01-28 03:34:01,Dar es Salaam
TXN0129,CUS013,AGT5039,deposit,6300,2025-02-16 19:59:49,Kampala
TXN0130,CUS036,AGT5035,deposit,58400,2025-01-27 22:30:35,Kampala
TXN0131,CUS170,AGT5011,deposit,94200,2025-02-15 01:54:57,Kampala
TXN0132,CUS020,AGT5002,deposit,17600,2025-02-01 22:47:03,Mbarara
TXN0133,CUS114,AGT5039,deposit,50600,2025-01-25 06:00:57,Gulu
TXN0134,CUS076,AGT5049,transfer,82300,2025-01-04 13:52:47,Gulu
TXN0135,CUS124,AGT5010,deposit,70400,2025-02-08 11:43:12,Kampala
TXN0136,CUS179,NULL,transfer,233800,2025-02-22 01:00:05,NULL
TXN0137,CUS166,AGT5002,withdrawal,229700,2025-01-09 12:03:41,Kampala
TXN0138,CUS121,AGT5024,deposit,98700,2025-01-17 16:50:04,Nairobi
TXN0139,CUS020,AGT5044,withdrawal,215700,2025-02-24 14:57:08,Mbarara
TXN0140,CUS166,AGT5010,deposit,36200,2025-01-12 10:14:22,Nairobi
TXN0141,CUS033,NULL,transfer,20300,2025-01-08 22:10:13,NULL
TXN0142,CUS004,AGT5030,transfer,1500,2025-01-25 14:29:20,Kampala
TXN0143,CUS165,AGT5032,bill_payment,57800,2025-01-24 05:00:01,Kampala
TXN0144,CUS160,AGT5014,deposit,151400,2025-01-04 08:22:19,Dar es Salaam
TXN0145,CUS116,AGT5027,withdrawal,94300,2025-02-24 09:34:06,Jinja
TXN0146,CUS019,AGT5049,deposit,56800,2025-02-04 18:31:46,Kampala
TXN0147,CUS094,NULL,transfer,79400,2025-02-22 16:50:29,NULL
TXN0148,CUS168,NULL,transfer,5800,2025-01-13 03:24:17,NULL
TXN0149,CUS129,AGT5035,withdrawal,124600,2025-01-15 17:28:16,Kampala
TXN0150,CUS145,AGT5036,withdrawal,69800,2025-02-25 05:22:22,Entebbe
TXN0151,CUS181,AGT5023,deposit,72700,2025-01-30 18:57:33,Kampala
TXN0152,CUS144,AGT5012,withdrawal,18200,2025-02-01 19:42:28,Kampala
TXN0153,CUS131,NULL,transfer,4800,2025-02-01 20:28:29,NULL
TXN0154,CUS163,AGT5013,transfer,5200,2025-02-02 13:24:18,Gulu
TXN0155,CUS148,AGT5034,deposit,24400,2025-01-22 16:49:25,Dar es Salaam
TXN0156,CUS033,AGT5011,deposit,148100,2025-01-05 04:56:32,Mbarara
TXN0157,CUS112,NULL,bill_payment,43400,2025-02-12 07:12:10,NULL
TXN0158,CUS033,AGT5012,deposit,41900,2025-02-17 09:34:52,Mbarara
TXN0159,CUS101,AGT5019,withdrawal,22700,2025-01-23 11:32:20,Nairobi
TXN0160,CUS059,AGT5012,withdrawal,99900,2025-01-01 05:26:28,Kampala
TXN0161,CUS184,AGT5039,deposit,7300,2025-01-15 21:12:52,Kampala
TXN0162,CUS126,AGT5048,withdrawal,136300,2025-02-11 05:55:15,Gulu
TXN0163,CUS136,NULL,bill_payment,63600,2025-01-05 17:41:37,NULL
TXN0164,CUS104,AGT5002,deposit,102500,2025-02-21 23:03:02,Kampala
TXN0165,CUS019,AGT5038,deposit,1600,2025-01-26 23:56:13,Dar es Salaam
TXN0166,CUS193,AGT5035,bill_payment,50700,2025-01-01 09:51:31,KAMPALA
TXN0167,CUS160,NULL,bill_payment,59800,2025-02-04 05:20:31,NULL
TXN0168,CUS023,AGT5040,deposit,175200,2025-02-03 16:45:34,Jinja
TXN0169,CUS092,AGT5003,withdrawal,183500,2025-01-23 05:09:02,Jinja
TXN0170,CUS119,AGT5011,withdrawal,136700,2025-01-28 19:41:24,Jinja
TXN0171,CUS105,AGT5049,bill_payment,48900,2025-01-04 19:19:30,Kampala
TXN0172,CUS100,AGT5013,withdrawal,36300,2025-02-05 00:15:59,Kampala
TXN0173,CUS059,AGT5010,withdrawal,136400,2025-02-06 08:22:11,Kampala
TXN0174,CUS170,AGT5026,deposit,215200,2025-02-27 22:26:15,Dar es Salaam
TXN0175,CUS013,AGT5004,withdrawal,60600,2025-02-12 15:58:24,Jinja
TXN0176,CUS098,NULL,transfer,58700,2025-01-26 00:13:12,NULL
TXN0177,CUS037,AGT5006,deposit,87400,2025-01-10 18:21:26,Nairobi
TXN0178,CUS107,NULL,bill_payment,59800,2025-01-27 05:55:22,NULL
TXN0179,CUS124,AGT5032,transfer,28100,2025-01-05 21:19:32,Jinja
TXN0180,CUS094,NULL,bill_payment,49300,2025-01-01 06:10:37,NULL
TXN0181,CUS084,AGT5000,transfer,9200,2025-01-06 14:42:34,Dar es Salaam
TXN0182,CUS029,AGT5019,withdrawal,530600,2025-02-28 05:40:25,Kampala
TXN0183,CUS163,NULL,transfer,92100,2025-01-08 21:33:11,NULL
TXN0184,CUS055,AGT5047,withdrawal,52900,2025-02-10 16:02:05,Kampala
TXN0185,CUS160,AGT5029,deposit,84800,2025-02-12 21:43:23,Entebbe
TXN0186,CUS178,NULL,bill_payment,47200,2025-01-08 13:19:47,NULL
TXN0187,CUS081,NULL,bill_payment,65200,2025-02-17 18:18:19,NULL
TXN0188,CUS167,NULL,bill_payment,53100,2025-01-30 02:07:15,NULL
TXN0189,CUS139,NULL,transfer,15200,2025-01-24 03:05:58,NULL
TXN0190,CUS093,AGT5008,withdrawal,467000,2025-02-07 19:42:28,Kampala
TXN0191,CUS166,AGT5045,withdrawal,172100,2025-02-28 05:10:12,Kampala
TXN0192,CUS073,AGT5015,withdrawal,23100,2025-02-16 03:01:29,Kampala
TXN0193,CUS129,AGT5020,withdrawal,227000,2025-01-09 12:28:04,Jinja
TXN0194,CUS154,AGT5037,withdrawal,125400,2025-02-08 07:44:32,Entebbe
TXN0195,CUS113,AGT5046,withdrawal,82500,2025-01-13 22:33:10,Entebbe
TXN0196,CUS092,AGT5015,deposit,71400,2025-01-05 01:27:13,Kampala
TXN0197,CUS198,AGT5036,withdrawal,40900,2025-02-19 11:13:09,Gulu
TXN0198,CUS077,AGT5036,deposit,22600,2025-01-26 08:02:07,Kampala
TXN0199,CUS126,AGT5035,withdrawal,91300,2025-02-09 04:06:22,Kampala
TXN0200,CUS095,NULL,bill_payment,52000,2025-01-12 13:08:01,NULL
TXN0201,CUS186,AGT5008,transfer,49700,2025-01-05 11:03:46,Kampala
TXN0202,CUS033,NULL,transfer,150300,2025-02-15 01:04:46,NULL
TXN0203,CUS131,AGT5026,deposit,34900,2025-01-29 07:46:27,Nairobi
TXN0204,CUS180,AGT5005,deposit,196700,2025-02-01 15:00:01,Kampala
TXN0205,CUS159,AGT5024,withdrawal,155500,2025-02-20 04:55:22,Kampala
TXN0206,CUS136,AGT5034,deposit,7900,2025-02-28 15:02:07,Kampala
TXN0207,CUS037,AGT5048,deposit,8500,2025-01-20 06:07:44,Kampala
TXN0208,CUS062,AGT5045,withdrawal,68600,2025-01-11 22:18:14,Kampala
TXN0209,CUS088,AGT5017,transfer,56100,2025-01-21 18:23:17,Kampala
TXN0210,CUS185,AGT5026,deposit,3100,2025-01-16 11:45:01,Kampala
TXN0211,CUS168,AGT5007,deposit,10700,2025-01-14 21:45:30,Kampala
TXN0212,CUS085,AGT5025,deposit,31900,2025-01-07 14:33:10,Kampala
TXN0213,CUS094,AGT5002,deposit,36000,2025-02-23 21:45:53,Kampala
TXN0214,CUS105,AGT5017,withdrawal,246000,2025-02-25 07:08:23,Kampala
TXN0215,CUS048,AGT5040,withdrawal,315200,2025-02-08 00:38:33,Kampala
TXN0216,CUS159,AGT5040,bill_payment,28300,2025-02-04 21:27:53,KAMPALA
TXN0217,CUS181,AGT5003,deposit,70000,2025-02-02 06:32:54,Mbarara
TXN0218,CUS126,AGT5012,deposit,24100,2025-02-17 09:41:28,Kampala
TXN0219,CUS043,AGT5027,withdrawal,74000,2025-02-12 15:36:55,Jinja
TXN0220,CUS079,AGT5012,withdrawal,10600,2025-02-24 22:17:51,Gulu
TXN0221,CUS163,AGT5002,deposit,113800,2025-01-19 09:51:31,Gulu
TXN0222,CUS064,AGT5017,withdrawal,22000,2025-02-02 23:17:35,Jinja
TXN0223,CUS087,AGT5035,withdrawal,46700,2025-01-17 00:25:40,Jinja
TXN0224,CUS092,AGT5026,deposit,2000,2025-01-19 21:56:03,Kampala
TXN0225,CUS093,AGT5036,deposit,20800,2025-01-12 04:09:40,Kampala
TXN0226,CUS188,AGT5039,deposit,46000,2025-01-17 21:41:26,Entebbe
TXN0227,CUS048,AGT5050,withdrawal,108500,2025-02-09 19:15:14,Mbarara
TXN0228,CUS090,AGT5044,deposit,45200,2025-02-02 00:03:05,Jinja
TXN0229,CUS160,AGT5007,transfer,7800,2025-01-08 16:11:03,Kampala
TXN0230,CUS088,AGT5002,deposit,52900,2025-02-24 11:05:22,Kampala
TXN0231,CUS046,AGT5025,withdrawal,650900,2025-02-26 17:25:29,Kampala
TXN0232,CUS102,AGT5040,withdrawal,21100,2025-02-19 06:44:43,Kampala
TXN0233,CUS156,AGT5032,deposit,9800,2025-01-07 00:59:16, Kampala 
TXN0234,CUS150,AGT5015,deposit,10500,2025-02-07 07:42:52,Kampala
TXN0235,CUS126,AGT5003,transfer,38200,2025-02-26 11:22:59,Kampala
TXN0236,CUS095,AGT5010,withdrawal,22800,2025-02-07 15:32:45,Dar es Salaam
TXN0237,CUS176,AGT5003,deposit,101300,2025-01-07 08:16:12,DAR ES SALAAM
TXN0238,CUS194,NULL,transfer,15900,2025-03-01 04:35:29,NULL
TXN0239,CUS125,AGT5001,deposit,133500,2025-02-15 15:16:21,Gulu
TXN0240,CUS172,AGT5043,withdrawal,54300,2025-01-01 22:33:40,Jinja
TXN0241,CUS195,NULL,transfer,11400,2025-01-08 16:57:59,NULL
TXN0242,CUS081,AGT5024,deposit,36400,2025-02-08 03:28:11,Kampala
TXN0243,CUS017,AGT5039,deposit,48200,2025-02-11 19:41:28,Kampala
TXN0244,CUS162,AGT5008,deposit,9400,2025-01-19 07:09:04,Jinja
TXN0245,CUS095,AGT5004,withdrawal,13000,2025-01-28 02:05:16,Jinja
TXN0246,CUS115,AGT5032,deposit,4300,2025-01-12 06:45:07,Kampala
TXN0247,CUS182,NULL,bill_payment,60100,2025-02-05 22:26:50,NULL
TXN0248,CUS042,AGT5030,deposit,72400,2025-01-25 00:42:00,Gulu
TXN0249,CUS017,AGT5016,withdrawal,84600,2025-01-15 00:34:12,Kampala
TXN0250,CUS175,AGT5017,deposit,89800,2025-02-12 08:37:56,Nairobi
TXN0251,CUS028,NULL,bill_payment,44200,2025-01-29 23:26:26,NULL
TXN0252,CUS125,AGT5010,deposit,140300,2025-01-15 10:47:54,Gulu
TXN0253,CUS110,AGT5006,deposit,68600,2025-02-12 03:14:27,Kampala
TXN0254,CUS123,AGT5016,withdrawal,27600,2025-01-03 11:22:11,Mbarara
TXN0255,CUS088,NULL,transfer,12300,2025-03-01 05:07:58,NULL
TXN0256,CUS183,AGT5007,deposit,85300,2025-02-06 12:52:40,Kampala
TXN0257,CUS152,AGT5039,withdrawal,71700,2025-02-26 14:06:57,Jinja
TXN0258,CUS187,NULL,transfer,25900,2025-01-30 10:53:23,NULL
TXN0259,CUS113,NULL,transfer,29900,2025-02-11 18:12:57,NULL
TXN0260,CUS154,AGT5022,deposit,18900,2025-02-21 11:34:57,Kampala
TXN0261,CUS019,AGT5038,transfer,14200,2025-02-08 01:23:00,Jinja
TXN0262,CUS045,AGT5048,transfer,40200,2025-02-09 14:59:36,Kampala
TXN0263,CUS198,NULL,bill_payment,41200,2025-01-04 16:08:57,NULL
TXN0264,CUS064,NULL,bill_payment,52900,2025-01-25 13:44:57,NULL
TXN0265,CUS188,AGT5001,withdrawal,27500,2025-02-07 21:03:04,Kampala
TXN0266,CUS068,AGT5016,transfer,39100,2025-02-27 05:47:06,Jinja
TXN0267,CUS031,NULL,transfer,78700,2025-01-27 03:30:47,NULL
TXN0268,CUS177,AGT5009,deposit,15300,2025-02-19 23:44:31,Kampala
TXN0269,CUS138,NULL,transfer,2700,2025-01-13 03:56:34,NULL
TXN0270,CUS021,AGT5037,withdrawal,319000,2025-02-23 20:33:39,MBARARA
TXN0271,CUS095,AGT5000,deposit,6900,2025-02-02 00:47:06,Mbarara
TXN0272,CUS147,NULL,transfer,7800,2025-01-29 22:11:03,NULL
TXN0273,CUS059,AGT5045,deposit,9100,2025-02-09 16:29:17,Mbarara
TXN0274,CUS030,AGT5032,deposit,64700,2025-02-27 11:57:29,Gulu
TXN0275,CUS110,AGT5015,withdrawal,122400,2025-02-16 10:10:47,Gulu
TXN0276,CUS141,AGT5028,deposit,11000,2025-01-11 07:55:10,Kampala
TXN0277,CUS023,NULL,bill_payment,32200,2025-01-07 16:30:14,NULL
TXN0278,CUS182,AGT5031,withdrawal,30000,2025-02-15 13:16:34,Nairobi
TXN0279,CUS078,AGT5042,withdrawal,146800,2025-02-14 17:02:07,Jinja
TXN0280,CUS060,AGT5045,deposit,135500,2025-02-23 10:28:48,Entebbe
TXN0281,CUS021,AGT5010,withdrawal,388600,2025-02-03 00:10:48,Gulu
TXN0282,CUS156,NULL,transfer,9300,2025-02-06 09:06:16,NULL
TXN0283,CUS106,AGT5017,withdrawal,87800,2025-01-08 02:18:58,Jinja
TXN0284,CUS120,NULL,transfer,137200,2025-02-17 11:22:10,NULL
TXN0285,CUS014,NULL,bill_payment,65000,2025-02-04 12:58:42,NULL
TXN0286,CUS176,AGT5044,withdrawal,633400,2025-02-11 06:42:49,Kampala
TXN0287,CUS185,NULL,transfer,7700,2025-01-09 19:25:21,NULL
TXN0288,CUS160,NULL,bill_payment,50600,2025-01-19 14:16:08,NULL
TXN0289,CUS124,AGT5028,withdrawal,13400,2025-01-11 22:47:14,Kampala
TXN0290,CUS071,AGT5023,deposit,1200,2025-01-13 22:17:38,Mbarara
TXN0291,CUS021,AGT5007,deposit,39500,2025-01-24 22:18:57,Kampala
TXN0292,CUS005,NULL,bill_payment,60900,2025-01-21 08:00:44,NULL
TXN0293,CUS196,AGT5020,deposit,67900,2025-01-27 23:43:02,Kampala
TXN0294,CUS153,AGT5015,withdrawal,95300,2025-01-03 04:06:21,Kampala
TXN0295,CUS105,AGT5018,deposit,35500,2025-01-19 03:46:28,Kampala
TXN0296,CUS118,AGT5046,withdrawal,72500,2025-01-11 12:21:07, Nairobi 
TXN0297,CUS161,AGT5035,withdrawal,7000,2025-01-08 00:27:08,Jinja
TXN0298,CUS049,AGT5007,withdrawal,491900,2025-01-23 02:51:01,Kampala
TXN0299,CUS162,AGT5022,deposit,5500,2025-01-29 05:41:38,Kampala
TXN0300,CUS078,AGT5021,bill_payment,43200,2025-02-04 21:12:11,Jinja
TXN0301,CUS113,NULL,transfer,12800,2025-01-25 19:29:50,NULL
TXN0302,CUS194,NULL,transfer,12500,2025-02-11 07:18:43,NULL
TXN0303,CUS128,AGT5016,deposit,32900,2025-01-27 12:07:42,Kampala
TXN0304,CUS117,AGT5013,withdrawal,229100,2025-01-25 10:41:05,Kampala
TXN0305,CUS015,AGT5044,withdrawal,92200,2025-02-02 11:03:49,Jinja
TXN0306,CUS145,AGT5019,withdrawal,30300,2025-02-16 21:40:10,Jinja
TXN0307,CUS001,AGT5026,deposit,147000,2025-01-23 13:30:19,Entebbe
TXN0308,CUS084,AGT5018,deposit,52600,2025-02-11 13:30:22,Kampala
TXN0309,CUS107,AGT5007,withdrawal,30500,2025-01-05 21:51:36,Kampala
TXN0310,CUS092,AGT5032,transfer,2400,2025-01-22 12:42:56,Gulu
TXN0311,CUS077,AGT5025,deposit,56700,2025-02-08 00:08:59,Kampala
TXN0312,CUS155,AGT5012,deposit,81400,2025-01-06 01:50:52,Kampala
TXN0313,CUS081,AGT5048,deposit,14600,2025-02-27 16:59:14,Gulu
TXN0314,CUS140,AGT5012,deposit,65100,2025-01-31 14:18:14,Kampala
TXN0315,CUS145,NULL,transfer,89700,2025-02-02 09:00:44,NULL
TXN0316,CUS080,AGT5033,deposit,12500,2025-01-16 14:32:09,Gulu
TXN0317,CUS164,AGT5010,deposit,1700,2025-01-27 15:29:12,Entebbe
TXN0318,CUS109,AGT5019,deposit,2300,2025-01-18 11:42:18,Kampala
TXN0319,CUS189,AGT5039,deposit,28400,2025-02-04 06:27:11,Jinja
TXN0320,CUS030,NULL,transfer,86000,2025-01-10 15:44:12,NULL
TXN0321,CUS051,AGT5023,deposit,24900,2025-02-06 12:16:42,Kampala
TXN0322,CUS053,AGT5011,withdrawal,151800,2025-01-06 09:43:03,Kampala
TXN0323,CUS177,AGT5042,withdrawal,90900,2025-02-01 14:09:55,Jinja
TXN0324,CUS047,AGT5041,deposit,73100,2025-02-20 23:01:07,Nairobi
TXN0325,CUS163,AGT5005,deposit,34400,2025-01-06 01:23:50,Entebbe
TXN0326,CUS125,NULL,transfer,81400,2025-01-30 22:17:26,NULL
TXN0327,CUS150,AGT5009,withdrawal,51900,2025-01-08 00:51:21,Kampala
TXN0328,CUS059,AGT5015,withdrawal,49700,2025-02-11 22:27:05,Jinja
TXN0329,CUS106,AGT5006,deposit,209000,2025-01-14 00:12:08,Mbarara
TXN0330,CUS125,AGT5018,withdrawal,52700,2025-01-13 04:19:45,Kampala
TXN0331,CUS047,AGT5029,deposit,7300,2025-02-10 08:04:35,Nairobi
TXN0332,CUS100,AGT5015,withdrawal,126200,2025-02-10 16:19:15,Kampala
TXN0333,CUS132,AGT5012,withdrawal,39700,2025-02-08 12:48:53,Mbarara
TXN0334,CUS060,AGT5016,deposit,116100,2025-01-23 01:03:13,Kampala
TXN0335,CUS132,NULL,transfer,46500,2025-02-01 03:07:15,NULL
TXN0336,CUS010,AGT5040,withdrawal,33900,2025-01-04 08:04:51,Gulu
TXN0337,CUS097,NULL,bill_payment,51500,2025-01-07 16:25:23,NULL
TXN0338,CUS026,AGT5028,withdrawal,114800,2025-01-17 11:50:48,Kampala
TXN0339,CUS047,AGT5028,deposit,68000,2025-01-23 18:38:25, Kampala 
TXN0340,CUS002,AGT5035,deposit,15100,2025-02-10 20:11:46,Jinja
TXN0341,CUS157,AGT5045,deposit,23000,2025-01-01 07:47:37,Kampala
TXN0342,CUS113,AGT5030,transfer,42800,2025-02-08 00:00:27,Kampala
TXN0343,CUS041,AGT5014,withdrawal,419300,2025-01-18 01:33:11,Gulu
TXN0344,CUS031,NULL,transfer,13100,2025-01-30 07:47:39,NULL
TXN0345,CUS173,AGT5022,deposit,46200,2025-01-01 21:53:02, Kampala 
TXN0346,CUS109,AGT5015,deposit,46400,2025-01-12 07:50:24,Kampala
TXN0347,CUS088,AGT5009,deposit,6600,2025-01-01 01:11:38,Mbarara
TXN0348,CUS026,AGT5040,deposit,35200,2025-01-01 19:22:32,Gulu
TXN0349,CUS161,AGT5026,withdrawal,47400,2025-01-30 06:39:09,Kampala
TXN0350,CUS159,AGT5012,transfer,60300,2025-02-14 09:08:57, Mbarara 
TXN0351,CUS196,AGT5006,deposit,23400,2025-01-15 01:26:30,Jinja
TXN0352,CUS137,AGT5007,deposit,8400,2025-02-28 03:46:18,Nairobi
TXN0353,CUS024,NULL,bill_payment,36800,2025-02-08 05:31:08,NULL
TXN0354,CUS120,AGT5042,withdrawal,202600,2025-01-20 01:02:09,Entebbe
TXN0355,CUS160,NULL,transfer,54800,2025-02-26 13:59:56,NULL
TXN0356,CUS001,AGT5033,withdrawal,48100,2025-02-04 09:53:50,Mbarara
TXN0357,CUS061,AGT5026,withdrawal,664300,2025-01-23 15:28:31,Kampala
TXN0358,CUS091,NULL,bill_payment,47700,2025-02-04 20:02:34,NULL
TXN0359,CUS006,AGT5044,deposit,130700,2025-02-18 11:23:09,Gulu
TXN0360,CUS199,AGT5029,deposit,124500,2025-02-17 14:41:01,Jinja
TXN0361,CUS137,AGT5012,deposit,18600,2025-01-21 03:21:17,Gulu
TXN0362,CUS042,NULL,bill_payment,61300,2025-01-11 00:01:35,NULL
TXN0363,CUS136,NULL,transfer,20200,2025-01-18 09:18:51,NULL
TXN0364,CUS026,NULL,transfer,2900,2025-02-26 06:56:06,NULL
TXN0365,CUS030,AGT5045,withdrawal,24300,2025-02-07 08:28:17,Kampala
TXN0366,CUS052,AGT5043,deposit,21800,2025-02-23 19:17:38,Gulu
TXN0367,CUS095,NULL,transfer,4400,2025-02-11 23:28:59,NULL
TXN0368,CUS006,AGT5045,deposit,79200,2025-02-13 17:32:39,Jinja
TXN0369,CUS140,AGT5002,deposit,109600,2025-01-30 14:26:09,JINJA
TXN0370,CUS016,AGT5039,withdrawal,8700,2025-01-21 03:31:29,Kampala
TXN0371,CUS168,NULL,transfer,2100,2025-02-17 03:15:49,NULL
TXN0372,CUS113,NULL,transfer,38600,2025-02-28 23:24:15,NULL
TXN0373,CUS199,NULL,bill_payment,49200,2025-01-10 00:16:02,NULL
TXN0374,CUS080,NULL,transfer,310100,2025-01-30 23:52:58,NULL
TXN0375,CUS171,AGT5031,deposit,26700,2025-01-26 09:20:40,Mbarara
TXN0376,CUS125,AGT5043,withdrawal,315300,2025-02-17 23:53:32,Jinja
TXN0377,CUS197,NULL,bill_payment,45500,2025-01-30 18:00:23,NULL
TXN0378,CUS001,AGT5027,withdrawal,45900,2025-01-01 01:43:26,Gulu
TXN0379,CUS153,AGT5022,deposit,17900,2025-02-15 17:10:09,Kampala
TXN0380,CUS029,AGT5002,deposit,3200,2025-01-04 15:03:47, Kampala 
TXN0381,CUS042,AGT5009,deposit,28900,2025-02-19 11:44:01,Dar es Salaam
TXN0382,CUS177,AGT5046,deposit,13300,2025-01-14 10:50:05,Gulu
TXN0383,CUS186,AGT5010,bill_payment,64500,2025-02-17 05:42:14, Mbarara 
TXN0384,CUS103,AGT5002,deposit,106600,2025-02-22 09:41:55, Kampala 
TXN0385,CUS109,NULL,bill_payment,73100,2025-01-06 04:40:39,NULL
TXN0386,CUS036,AGT5009,deposit,14200,2025-01-21 13:08:18,Dar es Salaam
TXN0387,CUS147,NULL,bill_payment,43400,2025-01-13 14:48:04,NULL
TXN0388,CUS126,AGT5047,withdrawal,112800,2025-02-03 16:20:05,Jinja
TXN0389,CUS087,AGT5026,deposit,13500,2025-02-07 15:03:57, Kampala 
TXN0390,CUS039,AGT5025,deposit,22500,2025-01-06 11:06:12,Mbarara
TXN0391,CUS046,AGT5006,deposit,108600,2025-01-10 01:49:02,Dar es Salaam
TXN0392,CUS017,NULL,bill_payment,64200,2025-01-31 05:59:59,NULL
TXN0393,CUS076,AGT5043,withdrawal,258800,2025-02-06 19:24:58,Kampala
TXN0394,CUS051,AGT5000,deposit,39500,2025-02-08 20:48:35,Kampala
TXN0395,CUS161,AGT5000,withdrawal,19400,2025-01-01 20:20:28,Jinja
TXN0396,CUS010,NULL,transfer,16400,2025-02-25 15:45:58,NULL
TXN0397,CUS037,AGT5008,deposit,156800,2025-01-14 12:27:00,Entebbe
TXN0398,CUS154,NULL,transfer,83900,2025-02-10 04:09:36,NULL
TXN0399,CUS038,AGT5004,withdrawal,18600,2025-01-30 03:51:22,Jinja
TXN0400,CUS191,AGT5046,withdrawal,50100,2025-01-12 11:38:50,Kampala
TXN0401,CUS104,NULL,transfer,35200,2025-01-26 06:05:58,NULL
TXN0402,CUS110,AGT5033,deposit,58500,2025-01-24 16:34:07,Kampala
TXN0403,CUS013,AGT5020,deposit,35200,2025-02-03 07:18:00,Entebbe
TXN0404,CUS108,AGT5049,withdrawal,266200,2025-01-05 18:35:42,Jinja
TXN0405,CUS011,AGT5043,deposit,42700,2025-03-01 03:45:20,Gulu
TXN0406,CUS076,AGT5008,deposit,80800,2025-01-14 22:35:00,Entebbe
TXN0407,CUS164,AGT5030,withdrawal,307900,2025-02-23 19:04:28,Entebbe
TXN0408,CUS165,AGT5003,transfer,60800,2025-02-04 07:12:53,Mbarara
TXN0409,CUS002,AGT5004,withdrawal,214600,2025-01-03 08:07:21,Jinja
TXN0410,CUS169,AGT5030,deposit,103700,2025-02-23 13:35:52,Entebbe
TXN0411,CUS181,AGT5009,deposit,7900,2025-01-05 23:03:04,Mbarara
TXN0412,CUS059,AGT5028,deposit,9800,2025-01-14 14:06:36,Gulu
TXN0413,CUS062,AGT5046,transfer,36400,2025-01-28 01:18:18,Mbarara
TXN0414,CUS152,AGT5021,deposit,49000,2025-01-07 16:12:20,Kampala
TXN0415,CUS047,NULL,bill_payment,44300,2025-02-10 15:21:02,NULL
TXN0416,CUS041,AGT5041,withdrawal,155800,2025-02-26 07:32:46,Kampala
TXN0417,CUS011,AGT5029,withdrawal,22000,2025-02-07 09:52:34,Mbarara
TXN0418,CUS196,NULL,transfer,40000,2025-01-18 19:03:51,NULL
TXN0419,CUS071,AGT5050,bill_payment,56100,2025-01-30 19:02:09,Kampala
TXN0420,CUS160,AGT5001,deposit,59200,2025-01-26 22:55:30,Nairobi
TXN0421,CUS056,AGT5027,deposit,62600,2025-01-04 18:17:05,Kampala
TXN0422,CUS066,AGT5035,deposit,22200,2025-02-22 18:13:29, Jinja 
TXN0423,CUS193,AGT5024,withdrawal,312800,2025-01-22 19:38:36,Kampala
TXN0424,CUS059,NULL,bill_payment,51900,2025-02-22 22:17:24,NULL
TXN0425,CUS007,NULL,bill_payment,44400,2025-02-24 07:31:23,NULL
TXN0426,CUS029,NULL,transfer,2200,2025-01-20 15:57:21,NULL
TXN0427,CUS023,AGT5024,deposit,34500,2025-02-14 01:25:42,Kampala
TXN0428,CUS174,NULL,transfer,58500,2025-01-13 09:29:45,NULL
TXN0429,CUS121,AGT5047,withdrawal,882700,2025-01-09 14:46:50,Kampala
TXN0430,CUS143,AGT5029,withdrawal,31800,2025-01-03 11:06:26,Kampala
TXN0431,CUS128,AGT5036,transfer,13500,2025-02-18 14:40:17,GULU
TXN0432,CUS102,AGT5021,deposit,54100,2025-02-07 08:19:31,Gulu
TXN0433,CUS090,AGT5006,deposit,9200,2025-01-18 11:35:03,Dar es Salaam
TXN0434,CUS192,AGT5046,withdrawal,86600,2025-01-04 22:22:02,Nairobi
TXN0435,CUS134,AGT5042,withdrawal,53100,2025-01-24 13:00:50,Kampala
TXN0436,CUS184,AGT5014,bill_payment,53800,2025-02-12 23:40:22,Kampala
TXN0437,CUS014,NULL,transfer,14100,2025-01-29 02:15:47,NULL
TXN0438,CUS099,AGT5032,deposit,53700,2025-01-03 14:13:37,Kampala
TXN0439,CUS045,AGT5020,deposit,33000,2025-02-27 15:09:13,Entebbe
TXN0440,CUS085,AGT5024,bill_payment,53400,2025-02-15 19:11:55,Kampala
TXN0441,CUS105,NULL,transfer,94100,2025-02-11 03:19:55,NULL
TXN0442,CUS069,NULL,transfer,50200,2025-01-25 15:28:49,NULL
TXN0443,CUS193,AGT5019,deposit,127800,2025-01-16 18:50:10,Kampala
TXN0444,CUS015,AGT5027,withdrawal,103500,2025-01-22 21:35:23,Mbarara
TXN0445,CUS048,AGT5005,deposit,58800,2025-01-08 21:49:09,Kampala
TXN0446,CUS059,AGT5019,withdrawal,106500,2025-02-16 01:14:36,Kampala
TXN0447,CUS175,AGT5002,deposit,16700,2025-01-23 15:49:21,Jinja
TXN0448,CUS075,AGT5023,transfer,31400,2025-01-15 17:12:48,Kampala
TXN0449,CUS061,AGT5002,deposit,25900,2025-01-26 03:58:52,Kampala
TXN0450,CUS093,AGT5041,withdrawal,56700,2025-02-06 11:36:49,Jinja
TXN0451,CUS101,AGT5043,withdrawal,232000,2025-02-26 15:03:31,Entebbe
TXN0452,CUS144,AGT5021,deposit,6500,2025-02-08 14:21:28,Kampala
TXN0453,CUS127,AGT5007,deposit,8700,2025-02-04 12:52:09,Dar es Salaam
TXN0454,CUS143,AGT5031,withdrawal,186800,2025-01-29 03:39:46,Jinja
TXN0455,CUS116,AGT5004,withdrawal,64300,2025-01-20 07:34:50,Kampala
TXN0456,CUS077,AGT5036,withdrawal,69800,2025-02-18 14:18:52,Kampala
TXN0457,CUS187,AGT5002,deposit,26300,2025-02-04 13:40:02,Kampala
TXN0458,CUS173,AGT5019,deposit,59500,2025-01-10 11:42:34,Jinja
TXN0459,CUS110,NULL,transfer,12200,2025-02-05 17:21:11,NULL
TXN0460,CUS015,AGT5026,deposit,51600,2025-02-26 18:52:53,Kampala
TXN0461,CUS007,NULL,transfer,2600,2025-01-12 01:38:33,NULL
TXN0462,CUS061,AGT5010,bill_payment,54600,2025-02-03 21:25:58,Kampala
TXN0463,CUS160,AGT5031,withdrawal,312200,2025-02-24 18:26:50,Gulu
TXN0464,CUS083,AGT5001,transfer,21700,2025-01-18 11:46:21,Mbarara
TXN0465,CUS146,AGT5031,transfer,113600,2025-03-01 17:35:20,Kampala
TXN0466,CUS084,AGT5006,withdrawal,95300,2025-02-02 08:08:50,Mbarara
TXN0467,CUS027,AGT5004,withdrawal,202300,2025-01-22 22:54:53,Jinja
TXN0468,CUS052,AGT5000,deposit,15200,2025-01-15 06:34:33,Kampala
TXN0469,CUS005,AGT5008,deposit,13400,2025-01-29 04:24:46,Entebbe
TXN0470,CUS151,NULL,bill_payment,39700,2025-01-19 11:00:55,NULL
TXN0471,CUS148,NULL,transfer,54800,2025-01-03 08:15:20,NULL
TXN0472,CUS025,AGT5011,withdrawal,195500,2025-01-11 03:21:55,Jinja
TXN0473,CUS046,AGT5042,deposit,185000,2025-01-22 10:37:12,Dar es Salaam
TXN0474,CUS172,AGT5029,withdrawal,176000,2025-01-01 15:39:33,Kampala
TXN0475,CUS160,AGT5016,deposit,15900,2025-02-17 18:26:18,Kampala
TXN0476,CUS146,AGT5004,withdrawal,199800,2025-01-06 22:37:17,Entebbe
TXN0477,CUS048,NULL,transfer,28700,2025-01-31 00:01:26,NULL
TXN0478,CUS080,AGT5000,deposit,220700,2025-01-29 20:38:28,Kampala
TXN0479,CUS193,AGT5046,deposit,44200,2025-02-26 07:45:02,Entebbe
TXN0480,CUS085,AGT5015,withdrawal,105000,2025-02-13 20:34:06,Gulu
TXN0481,CUS085,NULL,transfer,116500,2025-02-25 06:35:52,NULL
TXN0482,CUS186,AGT5017,withdrawal,139600,2025-01-01 23:20:23,Kampala
TXN0483,CUS004,AGT5008,bill_payment,44700,2025-01-24 20:49:27,Kampala
TXN0484,CUS015,AGT5041,withdrawal,203100,2025-01-29 00:10:27,Jinja
TXN0485,CUS056,AGT5026,deposit,120900,2025-01-23 03:36:17,Gulu
TXN0486,CUS007,AGT5044,deposit,178700,2025-02-11 09:29:53,Kampala
TXN0487,CUS077,AGT5011,deposit,34900,2025-02-23 00:58:59,Entebbe
TXN0488,CUS069,AGT5035,deposit,30500,2025-01-21 22:38:05,Entebbe
TXN0489,CUS195,AGT5004,withdrawal,139800,2025-02-28 23:36:00,Kampala
TXN0490,CUS022,AGT5011,deposit,175400,2025-01-24 17:58:00,KAMPALA
TXN0491,CUS194,AGT5039,deposit,20700,2025-02-01 21:21:50,Gulu
TXN0492,CUS155,AGT5030,transfer,176000,2025-02-26 07:37:27,Kampala
TXN0493,CUS116,AGT5021,withdrawal,16400,2025-01-25 15:56:00,Kampala
TXN0494,CUS053,AGT5024,deposit,21500,2025-01-23 05:17:05,Jinja
TXN0495,CUS093,AGT5050,transfer,15300,2025-02-05 16:12:23,Kampala
TXN0496,CUS190,AGT5002,withdrawal,32400,2025-01-30 06:33:08,Gulu
TXN0497,CUS065,AGT5048,deposit,67700,2025-02-05 13:26:49,Kampala
TXN0498,CUS121,AGT5050,withdrawal,283800,2025-01-13 17:01:38,Kampala
TXN0499,CUS028,AGT5033,transfer,102400,2025-02-12 16:27:28,Jinja
TXN0500,CUS200,AGT5017,deposit,16700,2025-01-12 07:56:53,Kampala
TXN0501,CUS180,AGT5044,deposit,138900,2025-02-15 22:50:36,Jinja
TXN0502,CUS041,AGT5039,deposit,31100,2025-02-12 23:27:25,Kampala
TXN0503,CUS053,NULL,bill_payment,50800,2025-02-21 05:01:02,NULL
TXN0504,CUS164,AGT5033,deposit,216700,2025-01-10 09:48:41,Kampala
TXN0505,CUS107,AGT5027,bill_payment,30000,2025-02-04 22:03:59,Kampala
TXN0506,CUS034,NULL,bill_payment,59200,2025-02-22 18:00:12,NULL
TXN0507,CUS178,AGT5049,withdrawal,105700,2025-02-22 06:24:41,Jinja
TXN0508,CUS005,AGT5037,withdrawal,9600,2025-02-15 12:43:06,Kampala
TXN0509,CUS111,AGT5036,deposit,12300,2025-01-30 00:48:26,Gulu
TXN0510,CUS104,AGT5002,withdrawal,19800,2025-02-14 03:03:37,Dar es Salaam
TXN0511,CUS044,AGT5048,withdrawal,308900,2025-02-28 12:53:12,Kampala
TXN0512,CUS027,AGT5045,deposit,92000,2025-01-26 20:55:36,Gulu
TXN0513,CUS072,NULL,bill_payment,53500,2025-02-16 17:11:26,NULL
TXN0514,CUS011,AGT5042,withdrawal,149300,2025-02-06 22:22:18,Kampala
TXN0515,CUS026,NULL,transfer,43300,2025-02-20 17:33:32,NULL
TXN0516,CUS045,AGT5021,deposit,59500,2025-01-22 14:49:53,Nairobi
TXN0517,CUS143,AGT5047,withdrawal,166300,2025-02-28 22:19:55,Kampala
TXN0518,CUS035,AGT5016,deposit,6600,2025-02-26 00:05:11,Gulu
TXN0519,CUS176,AGT5011,withdrawal,12400,2025-02-24 10:13:34,Dar es Salaam
TXN0520,CUS115,AGT5026,bill_payment,53200,2025-01-05 23:27:56,Kampala
TXN0521,CUS141,AGT5017,withdrawal,321200,2025-03-01 09:56:25,Gulu
TXN0522,CUS153,AGT5001,withdrawal,170200,2025-02-11 16:42:39,KAMPALA
TXN0523,CUS146,NULL,transfer,72800,2025-02-04 06:20:41,NULL
TXN0524,CUS086,AGT5028,transfer,86100,2025-02-18 17:17:36,Kampala
TXN0525,CUS090,AGT5007,deposit,1300,2025-01-15 21:35:01,Jinja
TXN0526,CUS139,AGT5017,deposit,26200,2025-02-11 21:02:03,Kampala
TXN0527,CUS050,AGT5041,withdrawal,94300,2025-01-23 21:43:49,Kampala
TXN0528,CUS142,AGT5037,deposit,13900,2025-02-02 01:14:41,Kampala
TXN0529,CUS044,AGT5024,deposit,56200,2025-01-02 15:04:57,Jinja
TXN0530,CUS192,AGT5036,withdrawal,76700,2025-02-07 13:33:09,Kampala
TXN0531,CUS120,NULL,transfer,37600,2025-02-06 15:22:23,NULL
TXN0532,CUS176,AGT5041,withdrawal,67600,2025-02-12 02:34:09,Kampala
TXN0533,CUS169,AGT5023,deposit,44400,2025-02-24 22:30:30,Kampala
TXN0534,CUS180,AGT5028,withdrawal,222200,2025-01-31 17:49:18,Jinja
TXN0535,CUS064,AGT5018,transfer,156600,2025-02-28 07:40:35,Gulu
TXN0536,CUS183,AGT5007,deposit,1400,2025-02-26 20:17:16,Kampala
TXN0537,CUS175,AGT5049,withdrawal,46900,2025-03-01 01:46:45,Entebbe
TXN0538,CUS194,NULL,bill_payment,54200,2025-01-27 13:27:31,NULL
TXN0539,CUS065,AGT5035,deposit,22700,2025-01-31 01:20:35,Nairobi
TXN0540,CUS165,AGT5032,deposit,15800,2025-01-05 20:27:51,Kampala
TXN0541,CUS120,AGT5039,deposit,82200,2025-01-08 07:09:44,Kampala
TXN0542,CUS110,AGT5046,withdrawal,146400,2025-02-07 07:34:01,Kampala
TXN0543,CUS055,NULL,transfer,16900,2025-02-13 11:11:38,NULL
TXN0544,CUS001,AGT5016,withdrawal,35000,2025-02-07 01:55:54,Kampala
TXN0545,CUS025,AGT5020,withdrawal,116700,2025-02-05 21:56:59, Kampala 
TXN0546,CUS177,NULL,transfer,6700,2025-02-15 11:00:27,NULL
TXN0547,CUS166,AGT5003,withdrawal,499200,2025-01-27 02:51:04,Kampala
TXN0548,CUS075,AGT5035,withdrawal,124900,2025-02-06 07:10:46,Mbarara
TXN0549,CUS055,AGT5020,deposit,152200,2025-01-09 18:03:40,Jinja
TXN0550,CUS092,AGT5001,withdrawal,328400,2025-02-25 13:06:18,MBARARA
TXN0551,CUS088,AGT5009,deposit,48200,2025-02-22 22:43:29,Kampala
TXN0552,CUS128,AGT5031,withdrawal,350400,2025-02-27 21:21:30,Mbarara
TXN0553,CUS154,AGT5035,deposit,76800,2025-02-18 06:34:47,Kampala
TXN0554,CUS042,AGT5048,deposit,28600,2025-01-21 23:07:28,Mbarara
TXN0555,CUS116,AGT5010,withdrawal,151700,2025-01-03 08:48:26,Kampala
TXN0556,CUS103,AGT5035,withdrawal,32600,2025-01-14 22:43:31,Jinja
TXN0557,CUS094,NULL,transfer,100300,2025-02-08 17:45:47,NULL
TXN0558,CUS131,AGT5039,deposit,2200,2025-02-01 13:42:33,Kampala
TXN0559,CUS173,AGT5000,withdrawal,123700,2025-01-30 02:59:22,Jinja
TXN0560,CUS013,AGT5038,deposit,46100,2025-01-17 20:49:14,Kampala
TXN0561,CUS062,AGT5047,withdrawal,27000,2025-01-14 06:47:39,Dar es Salaam
TXN0562,CUS073,AGT5037,withdrawal,88800,2025-01-17 14:59:06,Kampala
TXN0563,CUS125,NULL,transfer,60000,2025-01-18 14:17:32,NULL
TXN0564,CUS133,NULL,bill_payment,55700,2025-02-06 14:38:44,NULL
TXN0565,CUS055,AGT5033,deposit,5500,2025-01-18 04:34:38,Kampala
TXN0566,CUS147,AGT5033,transfer,20500,2025-02-13 14:07:22,Kampala
TXN0567,CUS070,AGT5042,deposit,4600,2025-02-10 17:35:54,Kampala
TXN0568,CUS165,AGT5018,withdrawal,246700,2025-02-23 10:06:54,Kampala
TXN0569,CUS096,AGT5046,deposit,107000,2025-02-10 08:28:58,Jinja
TXN0570,CUS033,AGT5015,withdrawal,63800,2025-01-14 05:02:46,Jinja
TXN0571,CUS019,AGT5036,deposit,258000,2025-02-25 18:10:58,Gulu
TXN0572,CUS028,AGT5006,withdrawal,201800,2025-01-06 01:19:29,Jinja
TXN0573,CUS104,AGT5007,withdrawal,128900,2025-02-10 08:29:58,Kampala
TXN0574,CUS030,NULL,bill_payment,66300,2025-02-03 19:52:09,NULL
TXN0575,CUS078,AGT5030,deposit,12200,2025-01-04 07:54:21,Gulu
TXN0576,CUS144,AGT5007,withdrawal,94800,2025-02-24 10:28:15,Kampala
TXN0577,CUS123,NULL,transfer,22400,2025-02-24 13:27:11,NULL
TXN0578,CUS076,AGT5011,withdrawal,398000,2025-01-01 19:36:04,Mbarara
TXN0579,CUS056,AGT5015,deposit,9300,2025-01-01 15:51:00,Kampala
TXN0580,CUS061,AGT5017,bill_payment,62100,2025-01-23 11:03:38,Nairobi
TXN0581,CUS134,AGT5011,withdrawal,19000,2025-02-11 21:11:44,Jinja
TXN0582,CUS158,NULL,transfer,7800,2025-01-17 02:08:00,NULL
TXN0583,CUS135,NULL,transfer,77200,2025-01-27 08:53:26,NULL
TXN0584,CUS058,NULL,transfer,2800,2025-01-15 09:23:52,NULL
TXN0585,CUS138,AGT5011,deposit,23300,2025-01-01 04:18:44,KAMPALA
TXN0586,CUS192,AGT5021,deposit,41300,2025-01-26 06:53:10,Nairobi
TXN0587,CUS070,AGT5005,deposit,30600,2025-01-17 05:28:27,Kampala
TXN0588,CUS119,AGT5047,withdrawal,382700,2025-01-20 20:21:07,Jinja
TXN0589,CUS090,AGT5005,withdrawal,291000,2025-01-27 06:41:48,Dar es Salaam
TXN0590,CUS152,AGT5006,deposit,7200,2025-02-07 14:02:22,Nairobi
TXN0591,CUS198,AGT5036,transfer,106200,2025-01-30 14:00:16,Kampala
TXN0592,CUS084,NULL,transfer,83000,2025-02-12 04:22:01,NULL
TXN0593,CUS162,NULL,transfer,19200,2025-03-01 01:24:43,NULL
TXN0594,CUS162,AGT5046,deposit,10500,2025-02-06 09:55:54,Kampala
TXN0595,CUS184,AGT5049,withdrawal,562000,2025-01-02 10:38:09,Kampala
TXN0596,CUS086,AGT5008,withdrawal,26300,2025-01-27 07:25:49,Mbarara
TXN0597,CUS088,NULL,transfer,129000,2025-02-11 18:14:34,NULL
TXN0598,CUS137,AGT5003,withdrawal,222100,2025-02-22 02:03:02,Jinja
TXN0599,CUS169,AGT5016,deposit,26400,2025-02-26 05:26:08,Jinja
TXN0600,CUS143,AGT5028,deposit,4500,2025-01-05 16:14:41,Kampala
TXN0601,CUS115,AGT5006,deposit,166000,2025-01-01 11:20:00,Kampala
TXN0602,CUS194,AGT5026,withdrawal,90000,2025-01-18 04:08:15,Dar es Salaam
TXN0603,CUS157,AGT5038,deposit,29900,2025-01-25 02:46:26,Jinja
TXN0604,CUS178,AGT5034,deposit,13200,2025-02-03 11:05:34,Jinja
TXN0605,CUS010,AGT5042,withdrawal,29700,2025-01-30 11:35:38,Gulu
TXN0606,CUS066,AGT5005,deposit,31800,2025-01-14 12:47:53,Mbarara
TXN0607,CUS040,AGT5030,deposit,4000,2025-01-25 22:51:38,Dar es Salaam
TXN0608,CUS044,AGT5040,withdrawal,46000,2025-01-23 09:20:39,Dar es Salaam
TXN0609,CUS009,AGT5033,deposit,19100,2025-02-27 12:20:23,Kampala
TXN0610,CUS176,AGT5020,deposit,4200,2025-02-28 03:01:50,Gulu
TXN0611,CUS032,AGT5001,withdrawal,257300,2025-02-27 23:18:07,Dar es Salaam
TXN0612,CUS042,AGT5010,withdrawal,151700,2025-01-31 02:26:28,KAMPALA
TXN0613,CUS153,AGT5014,withdrawal,26000,2025-02-12 18:45:25,Kampala
TXN0614,CUS164,AGT5024,transfer,11800,2025-01-01 18:16:37,Kampala
TXN0615,CUS027,AGT5031,deposit,88900,2025-02-06 23:37:10,Kampala
TXN0616,CUS012,NULL,transfer,74300,2025-02-26 18:12:54,NULL
TXN0617,CUS117,AGT5047,deposit,33800,2025-02-19 03:09:06,Kampala
TXN0618,CUS037,AGT5034,deposit,72400,2025-01-04 22:24:44,Kampala
TXN0619,CUS180,AGT5050,deposit,13100,2025-02-06 21:50:36,Jinja
TXN0620,CUS198,AGT5021,deposit,187200,2025-01-11 01:36:49,Kampala
TXN0621,CUS126,NULL,transfer,161400,2025-02-22 18:24:25,NULL
TXN0622,CUS057,AGT5003,withdrawal,124100,2025-01-01 20:41:27,KAMPALA
TXN0623,CUS002,AGT5022,withdrawal,20500,2025-01-17 16:20:36,Mbarara
TXN0624,CUS190,AGT5049,withdrawal,63900,2025-02-19 11:43:43,Kampala
TXN0625,CUS055,AGT5004,transfer,24600,2025-01-19 06:26:48,Kampala
TXN0626,CUS021,AGT5021,deposit,77900,2025-01-08 05:23:34,Kampala
TXN0627,CUS023,NULL,transfer,156400,2025-02-04 22:27:37,NULL
TXN0628,CUS092,NULL,transfer,19900,2025-01-23 18:03:35,NULL
TXN0629,CUS001,AGT5026,withdrawal,49100,2025-02-22 12:13:20,Kampala
TXN0630,CUS058,AGT5024,transfer,117000,2025-01-15 20:36:22,Kampala
TXN0631,CUS093,AGT5049,withdrawal,166500,2025-01-20 02:01:49,Jinja
TXN0632,CUS037,AGT5017,transfer,48600,2025-02-17 14:18:58,Jinja
TXN0633,CUS036,AGT5021,deposit,9100,2025-02-17 06:44:01,Jinja
TXN0634,CUS184,AGT5027,transfer,58000,2025-01-07 15:14:16,Jinja
TXN0635,CUS002,AGT5025,deposit,64000,2025-02-11 15:15:42,Kampala
TXN0636,CUS042,AGT5037,deposit,1600,2025-01-16 22:08:24,Kampala
TXN0637,CUS031,AGT5026,bill_payment,51400,2025-01-10 05:38:39,Gulu
TXN0638,CUS003,AGT5039,deposit,22500,2025-02-06 02:48:58,Kampala
TXN0639,CUS131,AGT5002,transfer,11200,2025-02-18 11:41:37,Gulu
TXN0640,CUS059,AGT5037,deposit,55000,2025-01-26 01:02:12,Kampala
TXN0641,CUS131,NULL,transfer,16400,2025-02-12 22:56:56,NULL
TXN0642,CUS116,AGT5004,deposit,172900,2025-02-13 16:10:28,Kampala
TXN0643,CUS062,AGT5038,deposit,50000,2025-01-26 05:29:18,Mbarara
TXN0644,CUS174,AGT5019,deposit,7500,2025-02-19 13:42:05,Kampala
TXN0645,CUS188,AGT5010,withdrawal,159900,2025-01-12 02:33:18,Mbarara
TXN0646,CUS030,AGT5007,withdrawal,523600,2025-01-06 06:59:56,Kampala
TXN0647,CUS186,NULL,transfer,18300,2025-01-09 01:05:41,NULL
TXN0648,CUS006,AGT5033,bill_payment,65300,2025-02-10 15:38:28,Jinja
TXN0649,CUS108,NULL,transfer,54400,2025-02-28 09:45:40,NULL
TXN0650,CUS020,AGT5025,deposit,132600,2025-01-01 01:45:39,Kampala
TXN0651,CUS173,AGT5001,deposit,29300,2025-01-13 02:28:17,KAMPALA
TXN0652,CUS089,AGT5042,withdrawal,434900,2025-02-15 00:10:17,Jinja
TXN0653,CUS032,AGT5000,deposit,12000,2025-01-04 05:24:51,Kampala
TXN0654,CUS046,AGT5037,transfer,17800,2025-02-26 14:04:27,Jinja
TXN0655,CUS046,NULL,transfer,99800,2025-02-27 22:46:29,NULL
TXN0656,CUS172,NULL,transfer,126600,2025-02-13 00:24:45,NULL
TXN0657,CUS085,AGT5025,deposit,31900,2025-02-03 07:09:54,Mbarara
TXN0658,CUS032,NULL,transfer,66200,2025-03-01 13:07:16,NULL
TXN0659,CUS006,NULL,transfer,54400,2025-03-01 07:06:08,NULL
TXN0660,CUS005,AGT5045,deposit,209900,2025-01-30 02:54:38,Jinja
TXN0661,CUS134,AGT5034,bill_payment,55100,2025-01-01 22:53:19,Kampala
TXN0662,CUS042,AGT5027,deposit,65700,2025-01-06 21:20:27,Kampala
TXN0663,CUS025,NULL,transfer,13000,2025-02-16 09:17:40,NULL
TXN0664,CUS066,AGT5038,withdrawal,203000,2025-01-08 17:19:29,Mbarara
TXN0665,CUS065,AGT5028,withdrawal,111500,2025-02-01 04:11:51,Jinja
TXN0666,CUS103,AGT5027,deposit,59400,2025-01-10 04:33:18,Jinja
TXN0667,CUS102,NULL,transfer,51600,2025-02-12 20:41:19,NULL
TXN0668,CUS055,AGT5037,transfer,32000,2025-01-03 13:25:33,Kampala
TXN0669,CUS131,AGT5029,deposit,65800,2025-01-19 04:14:07,Kampala
TXN0670,CUS199,NULL,bill_payment,47900,2025-01-18 02:14:08,NULL
TXN0671,CUS120,AGT5049,transfer,41500,2025-02-26 04:57:55,Kampala
TXN0672,CUS093,NULL,transfer,48900,2025-01-17 20:39:22,NULL
TXN0673,CUS128,AGT5040,deposit,77600,2025-01-13 17:04:42,Kampala
TXN0674,CUS173,AGT5041,withdrawal,219700,2025-02-11 00:27:40,Kampala
TXN0675,CUS178,AGT5005,deposit,12300,2025-01-08 07:34:05,Gulu
TXN0676,CUS176,NULL,bill_payment,41500,2025-01-03 22:13:54,NULL
TXN0677,CUS047,AGT5017,deposit,9100,2025-02-18 09:31:38,Kampala
TXN0678,CUS183,AGT5039,deposit,281400,2025-01-08 05:51:35,Entebbe
TXN0679,CUS177,AGT5024,deposit,65000,2025-01-09 07:42:42,Kampala
TXN0680,CUS060,AGT5008,transfer,25800,2025-01-21 08:50:39,Jinja
TXN0681,CUS001,AGT5034,withdrawal,5500,2025-01-23 12:09:22,Gulu
TXN0682,CUS106,AGT5048,withdrawal,242100,2025-02-19 00:41:41,Kampala
TXN0683,CUS045,AGT5045,deposit,33800,2025-02-16 12:51:31,Jinja
TXN0684,CUS092,AGT5030,withdrawal,135100,2025-01-22 10:32:01,Kampala
TXN0685,CUS046,AGT5012,withdrawal,143800,2025-02-27 23:51:37,Jinja
TXN0686,CUS154,AGT5015,withdrawal,52200,2025-02-19 17:31:34, Mbarara 
TXN0687,CUS128,NULL,transfer,35500,2025-02-27 12:48:20,NULL
TXN0688,CUS106,AGT5040,deposit,21300,2025-01-11 14:31:18,Kampala
TXN0689,CUS151,NULL,transfer,62500,2025-01-17 18:01:29,NULL
TXN0690,CUS013,NULL,transfer,37400,2025-01-05 07:36:05,NULL
TXN0691,CUS009,AGT5012,withdrawal,64700,2025-01-03 15:11:04,Kampala
TXN0692,CUS031,AGT5003,withdrawal,42400,2025-01-16 01:34:33,Kampala
TXN0693,CUS044,AGT5021,withdrawal,965800,2025-01-03 08:55:46,Gulu
TXN0694,CUS190,NULL,bill_payment,39800,2025-01-04 12:42:51,NULL
TXN0695,CUS186,AGT5038,withdrawal,23900,2025-01-29 23:05:27,Mbarara
TXN0696,CUS077,AGT5043,withdrawal,77600,2025-01-26 23:57:00,Mbarara
TXN0697,CUS040,AGT5048,withdrawal,35600,2025-01-29 14:38:06,Jinja
TXN0698,CUS001,AGT5016,deposit,2300,2025-01-11 02:05:03,Kampala
TXN0699,CUS180,AGT5009,deposit,16900,2025-01-30 16:57:19,Mbarara
TXN0700,CUS192,AGT5022,withdrawal,428700,2025-02-18 05:23:44,Kampala
TXN0701,CUS040,AGT5047,deposit,104100,2025-01-11 00:42:12,Kampala
TXN0702,CUS138,NULL,transfer,11300,2025-02-17 00:22:32,NULL
TXN0703,CUS018,AGT5033,transfer,34000,2025-01-22 05:57:22,Kampala
TXN0704,CUS188,AGT5034,deposit,66100,2025-01-13 00:22:55, Kampala 
TXN0705,CUS042,AGT5040,withdrawal,201100,2025-02-09 21:44:34,Kampala
TXN0706,CUS012,AGT5044,transfer,48100,2025-02-21 13:40:15,Kampala
TXN0707,CUS021,AGT5027,deposit,54500,2025-01-13 22:37:54,Mbarara
TXN0708,CUS034,AGT5032,bill_payment,68500,2025-01-15 06:06:29,Kampala
TXN0709,CUS016,AGT5016,deposit,16200,2025-01-24 09:20:32,Kampala
TXN0710,CUS014,AGT5012,deposit,15400,2025-02-15 22:44:20,Nairobi
TXN0711,CUS092,AGT5013,deposit,30900,2025-01-24 21:51:44,Mbarara
TXN0712,CUS098,NULL,transfer,4400,2025-02-04 19:59:55,NULL
TXN0713,CUS106,AGT5018,withdrawal,14700,2025-01-06 18:53:33,Kampala
TXN0714,CUS158,NULL,bill_payment,51000,2025-02-15 02:58:47,NULL
TXN0715,CUS010,AGT5026,withdrawal,350100,2025-02-19 09:27:27,Kampala
TXN0716,CUS017,AGT5049,deposit,166400,2025-02-05 10:33:43,Gulu
TXN0717,CUS126,AGT5020,withdrawal,13000,2025-02-17 18:21:28,Nairobi
TXN0718,CUS178,AGT5043,withdrawal,201900,2025-02-09 14:23:54,Kampala
TXN0719,CUS161,NULL,bill_payment,38700,2025-01-13 22:41:30,NULL
TXN0720,CUS090,AGT5005,deposit,12000,2025-02-09 14:11:31,Gulu
TXN0721,CUS059,AGT5009,withdrawal,541400,2025-01-08 15:59:13,Kampala
TXN0722,CUS113,AGT5010,withdrawal,23200,2025-02-16 15:25:35,Kampala
TXN0723,CUS136,AGT5002,deposit,15400,2025-02-02 14:25:33,Kampala
TXN0724,CUS023,NULL,transfer,42200,2025-02-14 10:47:52,NULL
TXN0725,CUS043,AGT5004,withdrawal,300100,2025-02-18 17:35:50,Kampala
TXN0726,CUS072,NULL,transfer,4500,2025-02-24 01:26:34,NULL
TXN0727,CUS181,NULL,transfer,40200,2025-02-23 03:41:23,NULL
TXN0728,CUS170,AGT5016,deposit,34100,2025-01-23 02:15:50,Kampala
TXN0729,CUS074,AGT5015,deposit,95800,2025-02-27 12:26:31,Nairobi
TXN0730,CUS089,AGT5024,withdrawal,84600,2025-01-06 06:55:22,Kampala
TXN0731,CUS019,AGT5010,withdrawal,14600,2025-02-19 13:02:52,Jinja
TXN0732,CUS194,AGT5012,withdrawal,97200,2025-01-12 10:06:02,Mbarara
TXN0733,CUS070,AGT5012,deposit,12200,2025-01-27 15:31:22,Mbarara
TXN0734,CUS194,AGT5032,deposit,21000,2025-01-04 08:38:14,Kampala
TXN0735,CUS117,NULL,transfer,37600,2025-01-11 15:51:55,NULL
TXN0736,CUS006,AGT5035,deposit,106800,2025-01-17 21:24:36,Entebbe
TXN0737,CUS175,NULL,transfer,14600,2025-01-09 11:15:46,NULL
TXN0738,CUS140,AGT5033,withdrawal,226800,2025-02-04 04:19:20,Dar es Salaam
TXN0739,CUS186,AGT5008,deposit,32200,2025-01-20 19:55:21,Kampala
TXN0740,CUS178,AGT5040,bill_payment,40300,2025-01-09 19:28:48,Jinja
TXN0741,CUS074,AGT5048,withdrawal,76800,2025-02-19 12:11:43,Mbarara
TXN0742,CUS109,NULL,transfer,167900,2025-02-17 10:52:10,NULL
TXN0743,CUS130,AGT5025,deposit,17900,2025-01-02 23:09:34,Jinja
TXN0744,CUS013,NULL,transfer,44100,2025-01-20 14:42:29,NULL
TXN0745,CUS134,AGT5033,withdrawal,80600,2025-01-19 03:24:05,Mbarara
TXN0746,CUS021,NULL,bill_payment,49900,2025-02-26 06:48:14,NULL
TXN0747,CUS071,AGT5041,withdrawal,183600,2025-02-28 18:56:12,Kampala
TXN0748,CUS045,NULL,transfer,20000,2025-01-18 19:09:50,NULL
TXN0749,CUS086,NULL,transfer,119300,2025-01-08 06:52:42,NULL
TXN0750,CUS080,AGT5040,deposit,8600,2025-02-05 23:04:52,Dar es Salaam
TXN0751,CUS154,AGT5048,deposit,113200,2025-02-01 22:57:31,Kampala
TXN0752,CUS034,AGT5048,withdrawal,92100,2025-01-23 02:01:28,Kampala
TXN0753,CUS153,AGT5005,withdrawal,326100,2025-01-04 02:32:11, Kampala 
TXN0754,CUS039,AGT5027,transfer,171800,2025-01-31 12:22:03, Jinja 
TXN0755,CUS067,AGT5002,withdrawal,170400,2025-01-29 22:04:26, Dar es Salaam 
TXN0756,CUS143,AGT5031,withdrawal,325500,2025-03-01 22:54:37,Kampala
TXN0757,CUS005,AGT5038,withdrawal,6900,2025-01-22 05:56:41, Kampala 
TXN0758,CUS064,AGT5033,withdrawal,195600,2025-01-29 01:51:38,Jinja
TXN0759,CUS006,AGT5027,transfer,66700,2025-02-22 14:07:11,Kampala
TXN0760,CUS061,AGT5028,deposit,86500,2025-01-24 16:03:44,Entebbe
TXN0761,CUS053,AGT5022,withdrawal,61600,2025-02-17 02:53:50,Gulu
TXN0762,CUS131,AGT5044,withdrawal,97200,2025-02-28 09:33:38,Mbarara
TXN0763,CUS007,AGT5012,deposit,89100,2025-01-24 00:09:16,Kampala
TXN0764,CUS125,AGT5006,deposit,63200,2025-02-11 21:35:32,Kampala
TXN0765,CUS080,AGT5046,transfer,14700,2025-02-05 08:12:34,Kampala
TXN0766,CUS127,AGT5018,deposit,30900,2025-02-27 16:00:36,Kampala
TXN0767,CUS160,AGT5031,transfer,49500,2025-01-07 08:02:46,Gulu
TXN0768,CUS094,AGT5012,deposit,32900,2025-01-14 21:21:19,Mbarara
TXN0769,CUS056,NULL,bill_payment,41000,2025-01-26 08:26:10,NULL
TXN0770,CUS079,AGT5030,withdrawal,178900,2025-01-25 18:29:14,Kampala
TXN0771,CUS042,AGT5017,deposit,97800,2025-02-26 00:27:18,Kampala
TXN0772,CUS034,AGT5000,deposit,17400,2025-02-27 06:10:32,Mbarara
TXN0773,CUS194,AGT5018,withdrawal,112800,2025-02-01 07:03:52,Gulu
TXN0774,CUS078,AGT5034,deposit,2700,2025-02-22 23:05:37,Kampala
TXN0775,CUS134,AGT5045,deposit,140300,2025-02-21 22:33:15,GULU
TXN0776,CUS066,NULL,transfer,73600,2025-02-05 03:12:12,NULL
TXN0777,CUS114,NULL,transfer,55700,2025-01-17 16:43:24,NULL
TXN0778,CUS002,AGT5030,deposit,56500,2025-02-07 12:15:21,Nairobi
TXN0779,CUS103,AGT5011,withdrawal,93900,2025-01-01 16:47:52,Kampala
TXN0780,CUS168,AGT5002,withdrawal,123700,2025-01-30 10:17:49, Entebbe 
TXN0781,CUS015,AGT5006,deposit,6900,2025-01-23 14:23:11,Dar es Salaam
TXN0782,CUS104,AGT5044,withdrawal,207000,2025-02-21 15:22:03,Kampala
TXN0783,CUS157,NULL,bill_payment,53200,2025-01-07 07:09:10,NULL
TXN0784,CUS150,AGT5017,deposit,18300,2025-01-07 11:35:17,Entebbe
TXN0785,CUS162,NULL,bill_payment,57400,2025-02-11 16:23:48,NULL
TXN0786,CUS122,AGT5018,deposit,65900,2025-02-09 07:54:56,Dar es Salaam
TXN0787,CUS092,AGT5036,deposit,17500,2025-01-27 05:52:31, Mbarara 
TXN0788,CUS170,AGT5041,transfer,61800,2025-02-19 16:08:39,Kampala
TXN0789,CUS120,AGT5028,withdrawal,46500,2025-02-04 10:14:19,Kampala
TXN0790,CUS077,AGT5021,deposit,18900,2025-02-08 05:01:34,Kampala
TXN0791,CUS089,AGT5016,withdrawal,58500,2025-02-13 22:31:32,Kampala
TXN0792,CUS175,NULL,transfer,3500,2025-01-01 12:54:10,NULL
TXN0793,CUS114,NULL,bill_payment,56200,2025-02-17 09:59:00,NULL
TXN0794,CUS180,AGT5037,transfer,46000,2025-02-10 23:08:40,Gulu
TXN0795,CUS116,NULL,transfer,11200,2025-02-23 20:54:00,NULL
TXN0796,CUS018,AGT5024,deposit,80100,2025-01-14 10:40:07,Kampala
TXN0797,CUS172,AGT5010,deposit,270500,2025-01-22 05:21:29,Jinja
TXN0798,CUS070,NULL,transfer,37800,2025-01-15 22:34:00,NULL
TXN0799,CUS151,AGT5049,deposit,46700,2025-01-11 20:31:01,Mbarara
TXN0800,CUS097,AGT5029,deposit,121200,2025-02-04 04:42:14,Kampala
TXN0801,CUS027,AGT5009,withdrawal,321800,2025-01-14 02:38:11,Mbarara
TXN0802,CUS065,AGT5001,withdrawal,89400,2025-01-30 19:44:21,Jinja
TXN0803,CUS138,AGT5020,deposit,75300,2025-02-13 15:05:38,Kampala
TXN0804,CUS088,AGT5032,withdrawal,92900,2025-02-22 11:13:56,ENTEBBE
TXN0805,CUS089,AGT5043,withdrawal,139400,2025-02-03 20:49:09,Jinja
TXN0806,CUS161,AGT5001,transfer,36900,2025-02-08 21:01:20,Kampala
TXN0807,CUS080,AGT5024,deposit,34400,2025-01-20 22:56:51,Kampala
TXN0808,CUS054,AGT5048,withdrawal,142700,2025-02-09 12:40:37,Dar es Salaam
TXN0809,CUS080,NULL,transfer,36300,2025-02-28 20:46:03,NULL
TXN0810,CUS110,AGT5039,withdrawal,49000,2025-01-01 08:23:41,Kampala
TXN0811,CUS076,AGT5040,deposit,3300,2025-02-16 23:48:30,Kampala
TXN0812,CUS124,AGT5003,deposit,178900,2025-01-13 14:07:25,Kampala
TXN0813,CUS098,AGT5042,deposit,11900,2025-02-12 19:46:44,Kampala
TXN0814,CUS063,AGT5024,withdrawal,39800,2025-01-18 09:18:45,Kampala
TXN0815,CUS186,AGT5003,withdrawal,6200,2025-01-02 02:33:28,Kampala
TXN0816,CUS065,AGT5045,deposit,6700,2025-02-19 17:33:17,Kampala
TXN0817,CUS185,AGT5047,deposit,43400,2025-01-09 01:25:31,Mbarara
TXN0818,CUS058,AGT5040,withdrawal,407700,2025-02-09 06:18:16,Kampala
TXN0819,CUS008,AGT5031,deposit,49000,2025-02-24 17:09:58,Kampala
TXN0820,CUS117,AGT5038,deposit,36400,2025-02-04 07:03:12,Kampala
TXN0821,CUS181,AGT5039,transfer,61600,2025-01-20 04:54:40,Kampala
TXN0822,CUS193,NULL,bill_payment,46000,2025-02-04 19:56:27,NULL
TXN0823,CUS169,AGT5029,deposit,27500,2025-01-24 04:13:25,Kampala
TXN0824,CUS107,NULL,bill_payment,43500,2025-01-05 18:24:51,NULL
TXN0825,CUS141,AGT5048,transfer,19500,2025-01-15 04:33:37, Jinja 
TXN0826,CUS089,AGT5046,transfer,87100,2025-03-01 15:28:47,Dar es Salaam
TXN0827,CUS135,AGT5036,deposit,3600,2025-01-29 04:05:57,Jinja
TXN0828,CUS037,AGT5033,deposit,47300,2025-02-18 11:15:04, Kampala 
TXN0829,CUS156,AGT5037,withdrawal,77600,2025-01-24 02:51:01,Kampala
TXN0830,CUS157,AGT5008,withdrawal,24300,2025-02-22 20:47:33,Kampala
TXN0831,CUS075,AGT5000,withdrawal,16000,2025-01-08 18:36:35,Mbarara
TXN0832,CUS158,AGT5000,deposit,143100,2025-02-26 01:25:37,Kampala
TXN0833,CUS156,AGT5040,withdrawal,72400,2025-02-03 02:48:59,Gulu
TXN0834,CUS193,AGT5029,withdrawal,156600,2025-02-09 21:29:07,Kampala
TXN0835,CUS155,NULL,bill_payment,59500,2025-01-01 21:40:53,NULL
TXN0836,CUS178,NULL,transfer,7400,2025-01-25 22:04:48,NULL
TXN0837,CUS168,AGT5027,bill_payment,52900,2025-02-14 22:22:43,Kampala
TXN0838,CUS108,AGT5047,withdrawal,6800,2025-01-20 08:35:01,Kampala
TXN0839,CUS053,AGT5014,withdrawal,104800,2025-02-26 22:02:02,Kampala
TXN0840,CUS090,AGT5040,withdrawal,24700,2025-02-18 15:16:32,Kampala
TXN0841,CUS165,AGT5004,withdrawal,200900,2025-02-04 18:52:22,Kampala
TXN0842,CUS196,AGT5020,withdrawal,181900,2025-02-16 16:08:05,Mbarara
TXN0843,CUS080,AGT5022,withdrawal,53300,2025-02-09 00:12:40,Gulu
TXN0844,CUS136,AGT5009,deposit,30600,2025-01-02 12:00:06,Mbarara
TXN0845,CUS012,NULL,transfer,87400,2025-02-25 19:09:55,NULL
TXN0846,CUS108,NULL,transfer,125200,2025-01-05 01:42:29,NULL
TXN0847,CUS176,AGT5032,withdrawal,135900,2025-02-10 09:30:38,Kampala
TXN0848,CUS078,AGT5001,deposit,62100,2025-01-31 23:50:22,Jinja
TXN0849,CUS014,AGT5036,withdrawal,32400,2025-01-15 02:43:24,Kampala
TXN0850,CUS043,AGT5000,withdrawal,336200,2025-01-20 21:24:42,Kampala
TXN0851,CUS019,AGT5001,deposit,2300,2025-02-10 18:49:23,Kampala
TXN0852,CUS118,AGT5019,withdrawal,67500,2025-02-27 01:35:52,Jinja
TXN0853,CUS060,AGT5017,deposit,19600,2025-01-21 03:48:22,Kampala
TXN0854,CUS170,AGT5010,withdrawal,73000,2025-01-29 14:32:16,Jinja
TXN0855,CUS142,AGT5007,deposit,31300,2025-01-12 08:23:14,Dar es Salaam
TXN0856,CUS148,AGT5004,withdrawal,104700,2025-01-28 15:55:08,Kampala
TXN0857,CUS104,AGT5048,deposit,167200,2025-01-13 20:56:03,Jinja
TXN0858,CUS096,AGT5026,deposit,2600,2025-01-11 14:32:32,Kampala
TXN0859,CUS028,AGT5048,deposit,2200,2025-02-06 02:07:08,Kampala
TXN0860,CUS163,NULL,transfer,31700,2025-01-01 02:02:03,NULL
TXN0861,CUS184,AGT5023,deposit,7200,2025-01-26 16:25:06,Nairobi
TXN0862,CUS156,AGT5038,bill_payment,52400,2025-02-02 09:43:15,Kampala
TXN0863,CUS023,NULL,transfer,207800,2025-02-04 13:22:12,NULL
TXN0864,CUS080,AGT5000,deposit,25700,2025-02-17 23:41:41,DAR ES SALAAM
TXN0865,CUS161,AGT5034,deposit,40000,2025-01-31 03:38:44,Kampala
TXN0866,CUS165,AGT5029,deposit,40000,2025-02-06 21:50:10,Jinja
TXN0867,CUS060,NULL,transfer,90700,2025-02-06 15:45:51,NULL
TXN0868,CUS049,AGT5028,withdrawal,50000,2025-02-27 20:08:20,KAMPALA
TXN0869,CUS198,AGT5017,deposit,22000,2025-01-14 17:33:16,Kampala
TXN0870,CUS166,AGT5014,deposit,41800,2025-02-02 10:34:00,Dar es Salaam
TXN0871,CUS174,AGT5016,deposit,8500,2025-02-02 11:13:46,Jinja
TXN0872,CUS095,AGT5005,withdrawal,105700,2025-01-10 01:21:44,Jinja
TXN0873,CUS178,AGT5037,withdrawal,323400,2025-02-09 03:57:38,Dar es Salaam
TXN0874,CUS090,AGT5026,withdrawal,150400,2025-02-15 17:30:55,JINJA
TXN0875,CUS085,AGT5007,deposit,3000,2025-02-22 02:32:27,Kampala
TXN0876,CUS007,AGT5045,withdrawal,43800,2025-01-18 06:30:22,Jinja
TXN0877,CUS024,AGT5013,bill_payment,59000,2025-02-03 16:24:28,Nairobi
TXN0878,CUS041,NULL,transfer,39100,2025-02-14 07:32:05,NULL
TXN0879,CUS114,AGT5028,transfer,79200,2025-02-02 20:47:29,Kampala
TXN0880,CUS033,AGT5016,deposit,17100,2025-02-06 11:36:33,Mbarara
TXN0881,CUS170,AGT5029,transfer,9100,2025-02-14 08:56:56,Nairobi
TXN0882,CUS172,AGT5024,withdrawal,104100,2025-02-13 05:26:01,Dar es Salaam
TXN0883,CUS198,NULL,transfer,45400,2025-01-13 23:36:35,NULL
TXN0884,CUS054,AGT5010,deposit,12400,2025-01-09 14:56:06,Kampala
TXN0885,CUS005,NULL,transfer,25400,2025-01-16 19:55:17,NULL
TXN0886,CUS017,AGT5019,withdrawal,134200,2025-02-27 17:49:53,Kampala
TXN0887,CUS066,AGT5037,transfer,27200,2025-02-14 21:42:29,Dar es Salaam
TXN0888,CUS159,NULL,transfer,73300,2025-02-10 22:38:33,NULL
TXN0889,CUS057,AGT5007,withdrawal,38600,2025-01-20 02:59:12,Dar es Salaam
TXN0890,CUS142,AGT5016,deposit,29900,2025-01-03 13:14:49,Entebbe
TXN0891,CUS100,AGT5038,transfer,4200,2025-01-31 16:11:40,Entebbe
TXN0892,CUS164,NULL,transfer,30700,2025-01-16 03:00:01,NULL
TXN0893,CUS030,AGT5005,withdrawal,396300,2025-01-14 06:08:20,Jinja
TXN0894,CUS070,AGT5034,deposit,59200,2025-01-04 10:30:21,Kampala
TXN0895,CUS069,AGT5022,transfer,8200,2025-01-20 06:47:56,Gulu
TXN0896,CUS136,AGT5003,deposit,82600,2025-02-14 01:43:02,Kampala
TXN0897,CUS047,AGT5047,deposit,158900,2025-02-10 03:36:08,Kampala
TXN0898,CUS009,AGT5002,deposit,57500,2025-01-27 06:54:40,Dar es Salaam
TXN0899,CUS166,AGT5022,transfer,1700,2025-02-18 05:20:37,Kampala
TXN0900,CUS072,NULL,transfer,90800,2025-01-04 15:24:18,NULL
TXN0901,CUS012,NULL,transfer,8700,2025-01-25 13:52:11,NULL
TXN0902,CUS129,NULL,transfer,74200,2025-01-27 17:13:27,NULL
TXN0903,CUS109,AGT5041,withdrawal,285500,2025-01-07 05:17:50,Mbarara
TXN0904,CUS022,AGT5023,withdrawal,105300,2025-01-02 10:34:45,Kampala
TXN0905,CUS176,AGT5006,deposit,27100,2025-01-20 00:32:58,Kampala
TXN0906,CUS042,AGT5037,deposit,6900,2025-01-11 07:23:20,Kampala
TXN0907,CUS141,AGT5028,transfer,4800,2025-02-02 20:06:25,Nairobi
TXN0908,CUS160,AGT5020,bill_payment,45400,2025-02-09 01:04:38,Jinja
TXN0909,CUS041,AGT5040,withdrawal,189200,2025-02-01 16:27:40,Mbarara
TXN0910,CUS101,AGT5023,deposit,26800,2025-01-11 09:14:42,Kampala
TXN0911,CUS120,AGT5004,deposit,17500,2025-01-23 05:19:53,Kampala
TXN0912,CUS108,NULL,transfer,133400,2025-01-14 13:48:21,NULL
TXN0913,CUS118,AGT5000,withdrawal,63200,2025-01-02 15:24:15,Nairobi
TXN0914,CUS138,AGT5027,withdrawal,158400,2025-01-20 05:11:49,Kampala
TXN0915,CUS084,NULL,bill_payment,47800,2025-02-16 08:32:31,NULL
TXN0916,CUS027,AGT5041,withdrawal,161500,2025-01-08 04:44:41,Kampala
TXN0917,CUS095,AGT5006,deposit,36000,2025-02-13 12:53:39,Entebbe
TXN0918,CUS111,AGT5003,withdrawal,152000,2025-02-01 17:32:30,Jinja
TXN0919,CUS062,AGT5009,deposit,14800,2025-02-25 23:52:57,Gulu
TXN0920,CUS177,AGT5011,transfer,82500,2025-01-21 08:20:28,Mbarara
TXN0921,CUS138,AGT5047,withdrawal,28100,2025-01-30 10:54:02,Jinja
TXN0922,CUS092,AGT5002,transfer,35300,2025-01-24 13:23:28,Kampala
TXN0923,CUS101,AGT5027,deposit,50700,2025-01-20 08:56:58,Kampala
TXN0924,CUS115,AGT5024,deposit,20100,2025-02-07 22:14:03,Gulu
TXN0925,CUS178,AGT5027,deposit,3400,2025-02-25 19:05:39,Jinja
TXN0926,CUS055,AGT5014,deposit,4200,2025-01-17 09:02:08,Gulu
TXN0927,CUS116,NULL,transfer,1200,2025-01-09 11:36:21,NULL
TXN0928,CUS163,AGT5026,deposit,20000,2025-01-01 09:44:14,Gulu
TXN0929,CUS058,AGT5015,deposit,16800,2025-02-17 19:19:48,Kampala
TXN0930,CUS011,AGT5003,transfer,78800,2025-01-31 09:25:58,Kampala
TXN0931,CUS054,AGT5041,transfer,121400,2025-02-02 14:40:02,Kampala
TXN0932,CUS014,AGT5033,deposit,5700,2025-01-12 02:42:12,Dar es Salaam
TXN0933,CUS075,AGT5028,withdrawal,78600,2025-01-10 16:40:28,Kampala
TXN0934,CUS053,AGT5020,withdrawal,5700,2025-02-17 15:02:29,Gulu
TXN0935,CUS046,AGT5016,deposit,55900,2025-01-21 13:31:59,Gulu
TXN0936,CUS039,AGT5041,bill_payment,50900,2025-02-01 04:30:18,Mbarara
TXN0937,CUS103,AGT5043,deposit,77100,2025-02-11 10:14:56,Kampala
TXN0938,CUS198,AGT5033,withdrawal,72000,2025-02-06 16:21:16,Kampala
TXN0939,CUS193,AGT5001,bill_payment,52000,2025-03-01 01:07:36,Jinja
TXN0940,CUS033,AGT5017,withdrawal,40100,2025-02-19 15:35:29,Kampala
TXN0941,CUS185,AGT5003,deposit,3700,2025-02-19 20:06:47,Kampala
TXN0942,CUS093,NULL,transfer,27900,2025-02-16 20:49:20,NULL
TXN0943,CUS179,NULL,transfer,96000,2025-01-13 10:16:38,NULL
TXN0944,CUS010,AGT5028,deposit,33000,2025-01-17 10:09:22,Gulu
TXN0945,CUS129,NULL,transfer,13200,2025-02-24 17:18:06,NULL
TXN0946,CUS123,AGT5008,withdrawal,57500,2025-02-09 12:12:07,Jinja
TXN0947,CUS184,AGT5013,deposit,68100,2025-02-12 22:48:35,Gulu
TXN0948,CUS178,AGT5028,deposit,26100,2025-01-23 01:00:17,Jinja
TXN0949,CUS152,NULL,transfer,12100,2025-01-08 19:42:36,NULL
TXN0950,CUS043,NULL,transfer,17900,2025-01-25 13:12:17,NULL
TXN0951,CUS152,AGT5013,deposit,6900,2025-02-08 17:59:38,Kampala
TXN0952,CUS029,AGT5029,withdrawal,275700,2025-01-12 00:33:50,Kampala
TXN0953,CUS079,AGT5000,deposit,21600,2025-01-14 16:35:12,Kampala
TXN0954,CUS040,AGT5010,deposit,27700,2025-02-26 03:54:28,Kampala
TXN0955,CUS057,AGT5005,withdrawal,118600,2025-01-28 03:58:19,Kampala
TXN0956,CUS136,AGT5010,withdrawal,98600,2025-01-19 16:09:33,Kampala
TXN0957,CUS140,NULL,bill_payment,70200,2025-02-07 04:50:45,NULL
TXN0958,CUS069,AGT5006,deposit,75100,2025-01-25 18:40:47,Mbarara
TXN0959,CUS115,AGT5048,withdrawal,25100,2025-01-11 04:38:54,Dar es Salaam
TXN0960,CUS026,AGT5035,deposit,83300,2025-01-20 11:25:35,Mbarara
TXN0961,CUS166,AGT5049,deposit,1900,2025-01-12 06:40:24,Kampala
TXN0962,CUS078,AGT5024,deposit,37500,2025-01-25 04:59:49,Mbarara
TXN0963,CUS074,AGT5040,deposit,1100,2025-02-15 18:28:36,Kampala
TXN0964,CUS044,AGT5010,deposit,183900,2025-01-16 09:47:10,Jinja
TXN0965,CUS152,AGT5050,transfer,115400,2025-01-15 10:21:19,Kampala
TXN0966,CUS162,NULL,transfer,76800,2025-01-07 17:33:34,NULL
TXN0967,CUS038,AGT5027,withdrawal,59100,2025-02-28 20:05:52, Kampala 
TXN0968,CUS074,AGT5027,deposit,15200,2025-01-21 11:11:05,Kampala
TXN0969,CUS039,AGT5037,withdrawal,101300,2025-01-13 16:57:13,Gulu
TXN0970,CUS072,AGT5049,deposit,144000,2025-02-07 17:47:21,Dar es Salaam
TXN0971,CUS001,AGT5019,transfer,40300,2025-02-14 20:24:21,Dar es Salaam
TXN0972,CUS072,NULL,bill_payment,52200,2025-02-11 01:53:46,NULL
TXN0973,CUS093,AGT5027,deposit,13800,2025-01-29 03:23:43,Kampala
TXN0974,CUS036,AGT5003,deposit,49700,2025-01-16 18:38:11,Kampala
TXN0975,CUS031,NULL,transfer,44200,2025-01-11 06:20:05,NULL
TXN0976,CUS061,AGT5017,deposit,51500,2025-02-10 12:27:08,Mbarara
TXN0977,CUS094,AGT5026,deposit,16000,2025-01-26 09:13:05,Gulu
TXN0978,CUS043,AGT5043,deposit,18200,2025-01-22 14:01:38,Nairobi
TXN0979,CUS163,AGT5008,withdrawal,189500,2025-01-31 10:30:40,Entebbe
TXN0980,CUS166,AGT5038,deposit,1400,2025-01-06 02:19:53,Kampala
TXN0981,CUS040,AGT5025,withdrawal,26600,2025-01-13 11:11:56,Kampala
TXN0982,CUS049,NULL,bill_payment,33900,2025-01-02 19:26:19,NULL
TXN0983,CUS160,AGT5044,withdrawal,16900,2025-02-14 12:30:37,Gulu
TXN0984,CUS108,AGT5037,deposit,31800,2025-01-29 18:47:03,Mbarara
TXN0985,CUS038,AGT5014,withdrawal,11700,2025-02-07 15:58:53,Kampala
TXN0986,CUS180,AGT5046,deposit,12700,2025-01-18 07:39:00,Kampala
TXN0987,CUS136,AGT5031,deposit,199700,2025-03-01 01:50:58,Mbarara
TXN0988,CUS057,NULL,transfer,97100,2025-01-16 08:08:46,NULL
TXN0989,CUS012,AGT5024,deposit,12000,2025-01-01 22:09:34,Dar es Salaam
TXN0990,CUS120,NULL,bill_payment,51800,2025-02-11 05:08:39,NULL
TXN0991,CUS094,NULL,bill_payment,34000,2025-01-12 11:45:56,NULL
TXN0992,CUS141,AGT5042,withdrawal,16400,2025-01-13 04:20:38,Jinja
TXN0993,CUS153,AGT5003,withdrawal,36600,2025-01-14 21:35:47,Dar es Salaam
TXN0994,CUS076,AGT5008,transfer,144900,2025-02-08 17:06:55,Nairobi
TXN0995,CUS160,NULL,bill_payment,54600,2025-01-16 21:57:48,NULL
TXN0996,CUS193,AGT5026,withdrawal,217400,2025-01-26 10:41:31,Dar es Salaam
TXN0997,CUS090,AGT5026,deposit,64400,2025-01-28 13:18:06,Kampala
TXN0998,CUS057,AGT5033,deposit,55900,2025-01-30 10:39:32,Jinja
TXN0999,CUS191,AGT5046,deposit,74800,2025-02-15 18:16:22,Jinja
TXN1000,CUS198,AGT5031,withdrawal,6400,2025-02-09 07:17:23,Kampala
TXN1001,CUS048,AGT5034,deposit,14000,2025-01-11 14:15:43,Nairobi
TXN1002,CUS037,AGT5016,withdrawal,63200,2025-01-17 01:28:42,Kampala
TXN1003,CUS052,NULL,transfer,66300,2025-02-23 04:13:10,NULL
TXN1004,CUS137,AGT5050,deposit,2500,2025-01-22 06:02:28,Kampala
TXN1005,CUS152,AGT5036,withdrawal,23900,2025-02-18 00:14:21,Gulu
TXN1006,CUS037,AGT5038,deposit,127000,2025-01-26 12:39:40,Kampala
TXN1007,CUS085,NULL,bill_payment,36600,2025-01-05 01:42:32,NULL
TXN1008,CUS058,NULL,transfer,126300,2025-01-08 23:29:51,NULL
TXN1009,CUS146,NULL,bill_payment,34000,2025-02-14 04:17:37,NULL
TXN1010,CUS076,AGT5037,withdrawal,237400,2025-02-09 21:32:44,Kampala
TXN1011,CUS089,AGT5032,deposit,23200,2025-02-09 11:58:10,Jinja
TXN1012,CUS174,AGT5009,withdrawal,36900,2025-02-26 03:30:43,Kampala
TXN1013,CUS154,AGT5004,bill_payment,34700,2025-01-26 03:42:53,Kampala
TXN1014,CUS115,AGT5016,deposit,10600,2025-02-20 01:26:23,Kampala
TXN1015,CUS102,NULL,transfer,17600,2025-01-01 12:58:11,NULL
TXN1016,CUS065,AGT5030,bill_payment,50300,2025-02-11 18:23:08,Jinja
TXN1017,CUS137,AGT5050,withdrawal,114100,2025-01-21 17:47:45,Jinja
TXN1018,CUS079,NULL,transfer,17600,2025-01-22 03:29:50,NULL
TXN1019,CUS149,AGT5009,deposit,147400,2025-02-27 20:02:21,Entebbe
TXN1020,CUS085,AGT5005,transfer,76800,2025-02-27 16:17:41,Kampala
TXN1021,CUS183,AGT5029,withdrawal,39400,2025-02-17 23:25:14,Kampala
TXN1022,CUS035,AGT5023,withdrawal,65400,2025-02-01 22:32:31,Kampala
TXN1023,CUS174,AGT5014,transfer,4700,2025-01-19 03:41:00,Kampala
TXN1024,CUS007,AGT5029,deposit,36400,2025-01-21 20:21:59,Nairobi
TXN1025,CUS137,AGT5001,withdrawal,276000,2025-01-25 04:46:04,Mbarara
TXN1026,CUS118,AGT5040,deposit,74700,2025-01-07 10:10:36,Gulu
TXN1027,CUS199,AGT5014,withdrawal,318000,2025-01-11 05:18:16,Kampala
TXN1028,CUS013,AGT5010,withdrawal,88100,2025-01-12 12:34:16,Kampala
TXN1029,CUS191,AGT5003,deposit,73500,2025-02-26 16:01:41,Kampala
TXN1030,CUS184,AGT5015,deposit,38000,2025-02-03 03:13:30,Kampala
TXN1031,CUS101,AGT5000,deposit,13800,2025-02-20 18:27:30,Dar es Salaam
TXN1032,CUS153,AGT5014,deposit,14100,2025-02-26 13:39:58,Kampala
TXN1033,CUS191,AGT5014,deposit,171300,2025-02-23 02:58:14,Gulu
TXN1034,CUS189,AGT5042,deposit,68700,2025-01-29 06:50:28,Gulu
TXN1035,CUS199,NULL,transfer,28500,2025-01-14 07:14:20,NULL
TXN1036,CUS118,AGT5006,deposit,63300,2025-02-15 03:41:03,Kampala
TXN1037,CUS121,NULL,transfer,11000,2025-01-18 09:21:20,NULL
TXN1038,CUS044,AGT5007,deposit,83200,2025-01-23 11:53:55,Nairobi
TXN1039,CUS087,NULL,bill_payment,44000,2025-01-20 16:12:22,NULL
TXN1040,CUS013,AGT5027,withdrawal,17300,2025-01-19 01:39:18,Gulu
TXN1041,CUS117,AGT5033,withdrawal,32500,2025-01-28 00:14:01,Gulu
TXN1042,CUS081,NULL,transfer,44800,2025-01-05 09:07:08,NULL
TXN1043,CUS180,NULL,bill_payment,64200,2025-01-07 23:21:22,NULL
TXN1044,CUS008,AGT5014,deposit,47000,2025-01-17 05:02:27, Kampala 
TXN1045,CUS143,AGT5028,deposit,72100,2025-02-14 02:42:10,GULU
TXN1046,CUS092,AGT5046,deposit,36600,2025-01-26 10:09:11,Jinja
TXN1047,CUS118,AGT5020,deposit,88900,2025-02-06 06:47:47,Nairobi
TXN1048,CUS124,AGT5004,withdrawal,97900,2025-02-03 02:24:21,Gulu
TXN1049,CUS150,NULL,bill_payment,60900,2025-01-28 20:36:15,NULL
TXN1050,CUS081,NULL,transfer,17000,2025-02-26 13:05:37,NULL
TXN1051,CUS024,AGT5001,transfer,22200,2025-01-15 04:04:44,Kampala
TXN1052,CUS012,AGT5045,deposit,98100,2025-01-02 07:22:44,Dar es Salaam
TXN1053,CUS098,NULL,transfer,65900,2025-02-23 04:10:31,NULL
TXN1054,CUS050,AGT5005,withdrawal,107900,2025-02-27 20:36:24,Nairobi
TXN1055,CUS019,AGT5021,deposit,78100,2025-02-24 05:32:02,Kampala
TXN1056,CUS002,NULL,transfer,25300,2025-01-29 09:12:39,NULL
TXN1057,CUS059,AGT5031,deposit,1600,2025-01-19 00:45:53,Mbarara
TXN1058,CUS107,NULL,transfer,176800,2025-02-13 02:41:27,NULL
TXN1059,CUS159,AGT5013,withdrawal,188100,2025-01-31 14:16:44,Kampala
TXN1060,CUS008,AGT5041,transfer,171600,2025-02-18 03:33:17,Jinja
TXN1061,CUS137,AGT5031,deposit,64400,2025-01-20 23:25:19,Jinja
TXN1062,CUS047,NULL,transfer,10900,2025-02-14 08:59:19,NULL
TXN1063,CUS053,AGT5026,transfer,26300,2025-01-16 08:59:58,Jinja
TXN1064,CUS128,AGT5028,deposit,9600,2025-02-20 03:03:55,Entebbe
TXN1065,CUS024,AGT5006,deposit,103600,2025-01-07 01:42:48,Kampala
TXN1066,CUS097,AGT5009,withdrawal,48200,2025-02-26 01:36:56,Mbarara
TXN1067,CUS105,AGT5046,withdrawal,273300,2025-02-20 19:43:00,Jinja
TXN1068,CUS137,NULL,bill_payment,59200,2025-01-07 18:18:30,NULL
TXN1069,CUS058,AGT5034,deposit,3700,2025-01-02 12:30:07,Gulu
TXN1070,CUS091,AGT5037,withdrawal,60000,2025-03-01 22:17:29,Kampala
TXN1071,CUS194,AGT5049,deposit,21300,2025-02-13 02:07:34,Jinja
TXN1072,CUS091,NULL,transfer,26900,2025-02-02 20:53:20,NULL
TXN1073,CUS156,AGT5020,deposit,17800,2025-02-17 00:46:17,Mbarara
TXN1074,CUS004,AGT5043,withdrawal,65600,2025-02-09 06:27:15,Gulu
TXN1075,CUS092,AGT5033,deposit,145500,2025-02-21 02:35:05,Kampala
TXN1076,CUS146,AGT5006,withdrawal,155100,2025-01-08 10:05:16,Gulu
TXN1077,CUS143,AGT5026,deposit,70500,2025-02-05 01:45:29,Kampala
TXN1078,CUS054,AGT5013,deposit,17200,2025-01-25 09:17:33,Kampala
TXN1079,CUS149,AGT5009,withdrawal,15500,2025-01-01 11:20:00,Dar es Salaam
TXN1080,CUS105,AGT5028,withdrawal,534400,2025-01-09 19:43:44,Kampala
TXN1081,CUS010,AGT5043,deposit,67900,2025-01-24 00:35:05,Kampala
TXN1082,CUS009,NULL,transfer,28500,2025-02-26 20:09:08,NULL
TXN1083,CUS181,AGT5043,deposit,16300,2025-01-31 11:00:20,Kampala
TXN1084,CUS015,AGT5019,deposit,16600,2025-01-31 07:19:39,Kampala
TXN1085,CUS110,AGT5020,deposit,173900,2025-01-31 10:06:15,Gulu
TXN1086,CUS016,AGT5009,withdrawal,16800,2025-01-31 05:02:06,Kampala
TXN1087,CUS139,NULL,bill_payment,44500,2025-01-25 12:40:29,NULL
TXN1088,CUS188,AGT5020,withdrawal,161800,2025-01-19 12:16:09,Jinja
TXN1089,CUS100,AGT5003,deposit,168600,2025-01-28 04:16:51,Kampala
TXN1090,CUS092,AGT5008,deposit,62300,2025-01-07 06:04:33,Gulu
TXN1091,CUS166,AGT5048,withdrawal,52400,2025-01-21 23:01:42,Kampala
TXN1092,CUS195,AGT5044,withdrawal,444900,2025-02-16 00:42:46,Entebbe
TXN1093,CUS028,AGT5011,deposit,145800,2025-01-01 02:48:26,Kampala
TXN1094,CUS102,AGT5033,transfer,12300,2025-01-31 05:37:15,Entebbe
TXN1095,CUS058,AGT5003,withdrawal,176000,2025-02-27 22:39:09,Gulu
TXN1096,CUS009,AGT5050,withdrawal,136200,2025-01-03 22:31:11,Kampala
TXN1097,CUS051,AGT5018,deposit,159000,2025-01-10 01:24:36,Kampala
TXN1098,CUS070,AGT5041,deposit,11400,2025-01-13 03:19:01,Mbarara
TXN1099,CUS134,AGT5004,withdrawal,21100,2025-02-08 07:39:21,Dar es Salaam
TXN1100,CUS178,AGT5039,deposit,5900,2025-03-01 12:04:58,Kampala
TXN1101,CUS093,NULL,transfer,124000,2025-02-24 17:21:48,NULL
TXN1102,CUS128,AGT5049,withdrawal,90500,2025-01-13 08:26:19,Kampala
TXN1103,CUS086,AGT5037,transfer,45500,2025-02-08 17:51:34,Kampala
TXN1104,CUS182,AGT5005,withdrawal,46600,2025-02-18 00:31:59,Jinja
TXN1105,CUS019,NULL,transfer,5800,2025-01-30 23:22:16,NULL
TXN1106,CUS147,AGT5024,deposit,68100,2025-01-20 00:20:11,Entebbe
TXN1107,CUS177,AGT5003,deposit,13100,2025-02-17 23:09:05,Kampala
TXN1108,CUS191,AGT5002,deposit,4200,2025-01-22 12:56:08,Kampala
TXN1109,CUS079,AGT5025,withdrawal,145000,2025-02-25 01:06:27, Gulu 
TXN1110,CUS014,AGT5007,withdrawal,458900,2025-01-11 07:20:12,Kampala
TXN1111,CUS199,NULL,transfer,82800,2025-02-18 00:57:14,NULL
TXN1112,CUS127,NULL,transfer,135900,2025-01-15 04:20:07,NULL
TXN1113,CUS155,AGT5016,withdrawal,148900,2025-01-17 11:06:09,Kampala
TXN1114,CUS191,AGT5002,transfer,37800,2025-01-07 00:04:44, Gulu 
TXN1115,CUS154,AGT5033,deposit,127800,2025-02-18 10:17:30,Kampala
TXN1116,CUS013,AGT5019,withdrawal,52000,2025-03-01 13:47:33,Jinja
TXN1117,CUS017,AGT5033,deposit,55900,2025-02-02 17:58:59,Entebbe
TXN1118,CUS005,NULL,transfer,31300,2025-01-05 16:12:24,NULL
TXN1119,CUS176,AGT5006,withdrawal,188400,2025-01-13 04:11:18,Kampala
TXN1120,CUS135,AGT5045,withdrawal,162200,2025-02-13 13:17:11,Kampala
TXN1121,CUS114,NULL,bill_payment,47300,2025-02-16 21:25:02,NULL
TXN1122,CUS104,AGT5007,deposit,18300,2025-02-21 01:39:23,Mbarara
TXN1123,CUS146,AGT5027,withdrawal,58700,2025-02-12 09:13:03,Kampala
TXN1124,CUS143,AGT5040,withdrawal,106300,2025-02-22 18:56:37,Kampala
TXN1125,CUS116,NULL,bill_payment,52500,2025-02-28 04:36:21,NULL
TXN1126,CUS133,AGT5029,withdrawal,50200,2025-02-07 10:36:34,Gulu
TXN1127,CUS087,AGT5022,deposit,4700,2025-02-01 15:16:33,Kampala
TXN1128,CUS045,AGT5046,deposit,107700,2025-02-06 04:22:55,Gulu
TXN1129,CUS165,AGT5046,transfer,6800,2025-01-09 11:49:57,Gulu
TXN1130,CUS102,AGT5044,deposit,15400,2025-01-19 01:28:14,Kampala
TXN1131,CUS168,AGT5004,withdrawal,71200,2025-02-26 04:39:38,Jinja
TXN1132,CUS146,AGT5006,deposit,78900,2025-01-23 04:48:35,Mbarara
TXN1133,CUS103,AGT5044,deposit,153700,2025-02-19 15:33:43,Nairobi
TXN1134,CUS036,AGT5031,deposit,36200,2025-01-12 12:30:26,Kampala
TXN1135,CUS130,AGT5017,bill_payment,46200,2025-01-12 06:22:36,Entebbe
TXN1136,CUS020,AGT5031,deposit,41300,2025-02-10 17:20:55,Kampala
TXN1137,CUS079,AGT5050,withdrawal,298700,2025-02-01 04:20:52,Kampala
TXN1138,CUS019,AGT5033,withdrawal,298600,2025-02-28 20:15:19,Mbarara
TXN1139,CUS116,NULL,transfer,29900,2025-01-10 23:51:16,NULL
TXN1140,CUS143,AGT5006,withdrawal,173000,2025-02-08 03:18:22,Kampala
TXN1141,CUS110,AGT5046,deposit,14000,2025-02-23 11:34:52,Gulu
TXN1142,CUS163,AGT5033,deposit,1100,2025-01-19 20:30:55,Kampala
TXN1143,CUS083,NULL,transfer,66900,2025-01-27 21:56:29,NULL
TXN1144,CUS178,AGT5020,withdrawal,18100,2025-02-02 16:37:45,Kampala
TXN1145,CUS072,AGT5039,deposit,111800,2025-01-05 11:48:15,Kampala
TXN1146,CUS156,AGT5039,deposit,6600,2025-01-28 22:19:26,Kampala
TXN1147,CUS062,AGT5019,deposit,47800,2025-01-16 16:42:44,Jinja
TXN1148,CUS097,AGT5021,deposit,25800,2025-01-28 23:37:02,Kampala
TXN1149,CUS063,AGT5020,deposit,161800,2025-01-05 05:33:25,Kampala
TXN1150,CUS108,AGT5047,withdrawal,85600,2025-01-12 23:35:20,Jinja
TXN1151,CUS099,AGT5007,withdrawal,183800,2025-02-07 07:41:57,Jinja
TXN1152,CUS013,NULL,transfer,10400,2025-01-06 07:32:54,NULL
TXN1153,CUS131,AGT5035,withdrawal,311600,2025-01-03 08:56:24,Kampala
TXN1154,CUS056,AGT5041,withdrawal,23400,2025-02-04 23:51:06,Jinja
TXN1155,CUS200,AGT5014,withdrawal,66700,2025-01-05 02:50:20,Kampala
TXN1156,CUS149,AGT5010,deposit,12500,2025-01-02 13:02:22,Gulu
TXN1157,CUS096,AGT5049,deposit,12400,2025-01-02 06:34:17,Entebbe
TXN1158,CUS164,AGT5016,withdrawal,7700,2025-02-09 14:38:47,Kampala
TXN1159,CUS171,AGT5018,transfer,33100,2025-02-04 22:54:05,Kampala
TXN1160,CUS181,AGT5024,withdrawal,180000,2025-01-18 08:32:43,Jinja
TXN1161,CUS089,AGT5033,deposit,65300,2025-01-15 20:53:36,Kampala
TXN1162,CUS072,AGT5031,withdrawal,263400,2025-01-01 00:11:04,Mbarara
TXN1163,CUS054,NULL,transfer,34200,2025-01-07 23:35:01,NULL
TXN1164,CUS018,AGT5003,deposit,31000,2025-01-02 13:37:35,Mbarara
TXN1165,CUS186,AGT5048,deposit,108100,2025-01-03 18:38:45,Entebbe
TXN1166,CUS049,AGT5041,withdrawal,78600,2025-02-07 11:06:31,Kampala
TXN1167,CUS107,NULL,transfer,117000,2025-01-11 10:49:09,NULL
TXN1168,CUS090,AGT5017,deposit,105900,2025-01-24 08:04:48,Kampala
TXN1169,CUS089,AGT5035,deposit,173200,2025-02-21 20:46:29,Jinja
TXN1170,CUS109,AGT5035,deposit,4800,2025-01-01 09:45:18,Jinja
TXN1171,CUS135,AGT5038,deposit,29400,2025-01-02 11:15:21,Mbarara
TXN1172,CUS089,NULL,bill_payment,31200,2025-01-18 09:53:03,NULL
TXN1173,CUS053,AGT5025,deposit,24300,2025-01-27 20:28:03,Kampala
TXN1174,CUS196,AGT5022,deposit,32200,2025-02-28 01:40:52,Kampala
TXN1175,CUS139,NULL,transfer,54500,2025-01-28 00:42:25,NULL
TXN1176,CUS080,AGT5008,transfer,13300,2025-02-19 00:39:41,Kampala
TXN1177,CUS196,AGT5004,withdrawal,5800,2025-01-09 01:51:09,Kampala
TXN1178,CUS053,AGT5044,transfer,40800,2025-01-16 00:28:15,Mbarara
TXN1179,CUS106,AGT5020,deposit,44800,2025-01-24 19:54:29,Mbarara
TXN1180,CUS172,NULL,transfer,70700,2025-02-25 01:01:33,NULL
TXN1181,CUS075,AGT5028,transfer,8600,2025-02-22 20:16:27,Jinja
TXN1182,CUS174,AGT5032,withdrawal,208400,2025-02-07 18:04:49,Jinja
TXN1183,CUS089,AGT5044,deposit,111600,2025-01-14 04:32:02,Kampala
TXN1184,CUS052,NULL,transfer,120400,2025-01-18 18:33:15,NULL
TXN1185,CUS004,NULL,transfer,46500,2025-02-09 11:51:26,NULL
TXN1186,CUS124,AGT5008,withdrawal,134700,2025-02-08 09:11:31,Entebbe
TXN1187,CUS074,AGT5017,withdrawal,101300,2025-01-02 19:53:43,Kampala
TXN1188,CUS121,NULL,transfer,16800,2025-02-25 21:39:56,NULL
TXN1189,CUS136,AGT5041,deposit,14800,2025-01-17 11:49:39,Kampala
TXN1190,CUS001,AGT5027,deposit,120200,2025-02-04 10:17:29,Kampala
TXN1191,CUS023,AGT5018,withdrawal,17000,2025-02-21 17:41:26,Kampala
TXN1192,CUS050,AGT5022,withdrawal,263800,2025-01-16 08:41:17,Kampala
TXN1193,CUS189,AGT5041,withdrawal,52600,2025-01-17 16:28:20,Mbarara
TXN1194,CUS113,AGT5035,withdrawal,424700,2025-01-16 09:44:11,Kampala
TXN1195,CUS036,AGT5046,withdrawal,52100,2025-01-26 09:42:50,Kampala
TXN1196,CUS181,AGT5006,deposit,13300,2025-02-02 00:05:47,Gulu
TXN1197,CUS155,AGT5047,withdrawal,167700,2025-02-28 10:21:07,Kampala
TXN1198,CUS182,NULL,transfer,76300,2025-02-13 00:10:54,NULL
TXN1199,CUS039,NULL,transfer,11400,2025-01-26 15:15:59,NULL
TXN1200,CUS096,AGT5008,deposit,24000,2025-02-04 02:14:50,Gulu
TXN1201,CUS115,AGT5015,withdrawal,50100,2025-01-15 15:09:58,Kampala
TXN1202,CUS095,AGT5050,deposit,14900,2025-02-08 02:59:26,Entebbe
TXN1203,CUS193,AGT5023,withdrawal,169900,2025-01-23 01:23:38,Kampala
TXN1204,CUS166,AGT5019,deposit,110500,2025-01-26 23:25:03,Entebbe
TXN1205,CUS178,AGT5046,deposit,279100,2025-03-01 14:53:35,Nairobi
TXN1206,CUS141,NULL,transfer,94200,2025-01-08 02:23:14,NULL
TXN1207,CUS175,AGT5030,deposit,4500,2025-02-23 11:27:25,Jinja
TXN1208,CUS092,AGT5003,deposit,20800,2025-01-17 21:42:10,Dar es Salaam
TXN1209,CUS118,AGT5026,transfer,98600,2025-02-19 20:31:43,Mbarara
TXN1210,CUS181,NULL,bill_payment,56200,2025-01-23 16:43:12,NULL
TXN1211,CUS173,AGT5042,deposit,27500,2025-01-01 06:53:49,Kampala
TXN1212,CUS024,AGT5047,deposit,23300,2025-02-21 09:32:57,Kampala
TXN1213,CUS072,NULL,transfer,42800,2025-01-05 17:02:07,NULL
TXN1214,CUS160,AGT5007,deposit,14200,2025-01-06 22:37:35,Gulu
TXN1215,CUS034,AGT5008,deposit,49900,2025-02-15 10:29:37,Mbarara
TXN1216,CUS154,AGT5046,transfer,91700,2025-01-11 07:52:54,Kampala
TXN1217,CUS178,AGT5045,withdrawal,152000,2025-01-04 18:55:45,Jinja
TXN1218,CUS066,NULL,transfer,45200,2025-01-09 23:13:30,NULL
TXN1219,CUS173,AGT5009,withdrawal,217000,2025-01-10 09:35:06,Dar es Salaam
TXN1220,CUS160,AGT5001,withdrawal,79000,2025-01-18 15:54:30,Gulu
TXN1221,CUS194,AGT5002,deposit,132700,2025-02-14 17:48:15,Jinja
TXN1222,CUS070,NULL,bill_payment,53700,2025-01-24 13:14:08,NULL
TXN1223,CUS145,AGT5038,deposit,199500,2025-02-25 07:08:58,Dar es Salaam
TXN1224,CUS108,AGT5004,withdrawal,193300,2025-01-23 04:26:20,Mbarara
TXN1225,CUS021,AGT5003,withdrawal,96000,2025-01-13 00:40:53,Kampala
TXN1226,CUS013,AGT5048,withdrawal,75000,2025-01-25 15:11:59,Gulu
TXN1227,CUS119,NULL,bill_payment,29000,2025-02-07 03:48:22,NULL
TXN1228,CUS041,AGT5008,deposit,59700,2025-01-25 21:08:02,Jinja
TXN1229,CUS043,AGT5022,withdrawal,53300,2025-02-04 04:33:05,Jinja
TXN1230,CUS004,AGT5049,deposit,46700,2025-02-05 11:28:29,Jinja
TXN1231,CUS007,AGT5040,deposit,31400,2025-01-12 14:31:46,Gulu
TXN1232,CUS036,AGT5036,withdrawal,32900,2025-01-15 16:24:46,Mbarara
TXN1233,CUS108,AGT5028,deposit,48000,2025-02-02 14:01:27,Mbarara
TXN1234,CUS154,AGT5030,withdrawal,248500,2025-02-07 00:33:54,Mbarara
TXN1235,CUS007,NULL,bill_payment,40200,2025-02-04 03:28:48,NULL
TXN1236,CUS154,AGT5033,withdrawal,132500,2025-01-27 16:56:41,Kampala
TXN1237,CUS005,AGT5050,deposit,44800,2025-01-30 06:59:48,Nairobi
TXN1238,CUS086,AGT5037,withdrawal,13000,2025-02-04 02:43:57,Kampala
TXN1239,CUS155,AGT5015,deposit,5400,2025-01-02 02:56:32,Kampala
TXN1240,CUS144,AGT5016,withdrawal,326700,2025-02-01 10:56:38,Entebbe
TXN1241,CUS132,AGT5050,withdrawal,303200,2025-02-14 19:46:53,Kampala
TXN1242,CUS192,AGT5031,transfer,67900,2025-01-16 04:13:58,Kampala
TXN1243,CUS104,AGT5047,deposit,295600,2025-02-14 01:57:36,Mbarara
TXN1244,CUS005,AGT5039,deposit,49700,2025-02-16 19:32:27,Entebbe
TXN1245,CUS113,NULL,bill_payment,80600,2025-02-24 10:51:06,NULL
TXN1246,CUS014,AGT5010,withdrawal,14700,2025-01-27 01:00:14,Mbarara
TXN1247,CUS149,AGT5000,deposit,186100,2025-01-04 10:12:10,Kampala
TXN1248,CUS126,NULL,transfer,96700,2025-01-02 06:34:32,NULL
TXN1249,CUS048,NULL,bill_payment,47900,2025-02-24 19:39:17,NULL
TXN1250,CUS058,AGT5024,deposit,14000,2025-02-01 20:57:41,Kampala
TXN1251,CUS050,AGT5040,withdrawal,21000,2025-01-04 06:52:06,Kampala
TXN1252,CUS154,AGT5000,deposit,181700,2025-01-02 20:13:41,Kampala
TXN1253,CUS124,NULL,transfer,172700,2025-01-01 21:37:29,NULL
TXN1254,CUS181,AGT5019,withdrawal,245100,2025-01-23 06:10:06,Kampala
TXN1255,CUS028,AGT5018,deposit,14200,2025-01-16 12:36:42,Kampala
TXN1256,CUS011,AGT5018,deposit,23000,2025-01-11 07:55:18,Kampala
TXN1257,CUS119,AGT5004,withdrawal,40500,2025-01-27 04:05:29,Kampala
TXN1258,CUS127,AGT5042,transfer,22000,2025-02-14 22:34:42,Kampala
TXN1259,CUS066,NULL,transfer,9400,2025-02-08 03:33:40,NULL
TXN1260,CUS067,AGT5020,deposit,19000,2025-01-16 18:57:12,Kampala
TXN1261,CUS041,AGT5002,withdrawal,27100,2025-02-17 03:47:31,Mbarara
TXN1262,CUS067,AGT5029,withdrawal,28300,2025-02-21 10:53:15,Jinja
TXN1263,CUS141,AGT5031,withdrawal,105400,2025-01-13 08:05:27,Kampala
TXN1264,CUS022,AGT5045,deposit,19300,2025-01-26 13:40:54,Kampala
TXN1265,CUS058,NULL,transfer,3900,2025-01-10 13:35:28,NULL
TXN1266,CUS112,AGT5014,withdrawal,198600,2025-02-15 04:45:50,Kampala
TXN1267,CUS088,AGT5034,withdrawal,230100,2025-01-09 14:34:12,Gulu
TXN1268,CUS062,AGT5037,transfer,39600,2025-02-01 22:04:35,Kampala
TXN1269,CUS067,NULL,transfer,228600,2025-02-13 10:59:01,NULL
TXN1270,CUS163,NULL,transfer,24200,2025-01-31 17:11:19,NULL
TXN1271,CUS144,AGT5041,deposit,68700,2025-02-26 04:45:28,Kampala
TXN1272,CUS029,AGT5048,withdrawal,278200,2025-01-24 02:05:11,Kampala
TXN1273,CUS014,AGT5046,deposit,27100,2025-02-12 07:12:40,Entebbe
TXN1274,CUS134,AGT5047,deposit,72900,2025-02-25 05:53:56,Kampala
TXN1275,CUS136,AGT5036,deposit,152300,2025-02-04 12:16:44,Kampala
TXN1276,CUS135,AGT5020,deposit,44300,2025-01-22 19:42:06,Jinja
TXN1277,CUS147,AGT5011,withdrawal,44200,2025-01-14 11:39:37,Jinja
TXN1278,CUS095,AGT5004,withdrawal,167600,2025-02-27 16:32:15,Kampala
TXN1279,CUS013,AGT5013,deposit,11200,2025-01-08 12:41:01, Jinja 
TXN1280,CUS170,AGT5005,deposit,11100,2025-01-14 01:14:04,Kampala
TXN1281,CUS056,NULL,transfer,17800,2025-01-08 03:36:21,NULL
TXN1282,CUS005,AGT5007,bill_payment,42500,2025-01-16 12:56:44,Dar es Salaam
TXN1283,CUS151,AGT5026,withdrawal,75400,2025-01-21 09:35:39,Kampala
TXN1284,CUS196,NULL,transfer,23900,2025-01-11 04:52:23,NULL
TXN1285,CUS029,AGT5042,deposit,94300,2025-01-05 02:36:00,Jinja
TXN1286,CUS195,NULL,transfer,10600,2025-01-20 02:28:32,NULL
TXN1287,CUS082,AGT5031,withdrawal,41900,2025-01-16 12:26:34,Kampala
TXN1288,CUS166,NULL,transfer,15400,2025-01-19 22:23:18,NULL
TXN1289,CUS116,AGT5036,deposit,103300,2025-01-24 09:30:19,Kampala
TXN1290,CUS157,AGT5030,transfer,70400,2025-01-23 13:44:00,Jinja
TXN1291,CUS168,AGT5023,deposit,22600,2025-02-22 11:34:58,KAMPALA
TXN1292,CUS015,AGT5031,deposit,127800,2025-01-17 20:50:52,Kampala
TXN1293,CUS003,AGT5034,deposit,12600,2025-02-28 16:55:49,Kampala
TXN1294,CUS196,AGT5031,deposit,32600,2025-01-10 11:20:08,Nairobi
TXN1295,CUS118,AGT5016,withdrawal,30200,2025-01-09 08:35:29,Mbarara
TXN1296,CUS010,AGT5005,withdrawal,141300,2025-01-02 00:17:30,Kampala
TXN1297,CUS060,NULL,bill_payment,44700,2025-01-14 22:08:05,NULL
TXN1298,CUS163,AGT5015,transfer,2500,2025-02-10 06:30:27,Kampala
TXN1299,CUS084,AGT5035,deposit,36700,2025-02-10 09:48:29,Kampala
TXN1300,CUS196,AGT5036,withdrawal,112000,2025-02-19 06:12:40,Nairobi
TXN1301,CUS018,AGT5048,withdrawal,10300,2025-01-25 01:01:23,Kampala
TXN1302,CUS130,AGT5004,withdrawal,279100,2025-01-12 14:04:54,Kampala
TXN1303,CUS048,AGT5019,deposit,30800,2025-01-27 06:22:58,Kampala
TXN1304,CUS112,AGT5005,deposit,65500,2025-01-04 18:09:50,Kampala
TXN1305,CUS110,AGT5050,deposit,17500,2025-01-18 17:02:17,Jinja
TXN1306,CUS078,AGT5021,deposit,81800,2025-01-04 20:45:33,Kampala
TXN1307,CUS149,AGT5021,deposit,7700,2025-01-20 05:30:15,Mbarara
TXN1308,CUS159,NULL,transfer,14500,2025-01-09 08:07:17,NULL
TXN1309,CUS093,AGT5041,withdrawal,402100,2025-03-01 13:18:11,Jinja
TXN1310,CUS120,AGT5036,deposit,2000,2025-02-10 03:21:58,Kampala
TXN1311,CUS154,NULL,transfer,38200,2025-01-27 01:04:53,NULL
TXN1312,CUS147,NULL,transfer,14400,2025-01-28 18:09:36,NULL
TXN1313,CUS029,AGT5006,deposit,163800,2025-01-28 05:19:24, Kampala 
TXN1314,CUS081,AGT5013,withdrawal,51300,2025-01-20 02:48:36,Nairobi
TXN1315,CUS194,AGT5032,withdrawal,62300,2025-02-25 03:17:26,Gulu
TXN1316,CUS166,NULL,transfer,148000,2025-01-23 01:27:07,NULL
TXN1317,CUS061,NULL,transfer,68200,2025-01-03 20:01:20,NULL
TXN1318,CUS193,AGT5027,deposit,166300,2025-02-11 09:02:37,Kampala
TXN1319,CUS177,AGT5016,deposit,62200,2025-01-12 11:20:31,Gulu
TXN1320,CUS058,AGT5003,withdrawal,61100,2025-02-22 22:20:26,Dar es Salaam
TXN1321,CUS176,AGT5046,deposit,30200,2025-02-19 08:22:16,Kampala
TXN1322,CUS112,AGT5005,deposit,91000,2025-01-30 09:18:53,Kampala
TXN1323,CUS108,NULL,bill_payment,63900,2025-02-15 23:31:50,NULL
TXN1324,CUS168,AGT5050,deposit,133000,2025-01-28 23:45:51,Kampala
TXN1325,CUS037,AGT5004,deposit,9900,2025-02-13 14:10:25,Kampala
TXN1326,CUS156,AGT5017,withdrawal,521700,2025-02-02 15:36:46,Kampala
TXN1327,CUS181,AGT5025,withdrawal,47500,2025-01-11 09:03:14,Jinja
TXN1328,CUS193,AGT5024,withdrawal,213700,2025-01-21 20:33:20,Gulu
TXN1329,CUS161,AGT5035,transfer,118400,2025-01-17 07:49:36,Jinja
TXN1330,CUS078,NULL,transfer,71700,2025-02-08 15:44:01,NULL
TXN1331,CUS088,AGT5043,deposit,12900,2025-02-24 03:33:42,Kampala
TXN1332,CUS051,AGT5001,withdrawal,82200,2025-01-18 19:06:48,Kampala
TXN1333,CUS193,NULL,transfer,114000,2025-01-02 01:18:13,NULL
TXN1334,CUS174,AGT5030,bill_payment,39000,2025-01-29 22:20:43,Kampala
TXN1335,CUS161,AGT5021,deposit,21900,2025-01-16 10:18:43,Kampala
TXN1336,CUS188,AGT5032,withdrawal,24200,2025-01-02 15:58:19,Mbarara
TXN1337,CUS018,AGT5041,transfer,18000,2025-01-13 11:58:44,Jinja
TXN1338,CUS127,AGT5033,withdrawal,141000,2025-02-24 08:46:08,Kampala
TXN1339,CUS178,AGT5016,withdrawal,23600,2025-01-10 02:40:47,Kampala
TXN1340,CUS191,AGT5031,withdrawal,68200,2025-01-22 23:36:54,Nairobi
TXN1341,CUS058,NULL,transfer,54700,2025-02-25 10:32:52,NULL
TXN1342,CUS067,NULL,bill_payment,59200,2025-02-17 19:50:57,NULL
TXN1343,CUS064,NULL,transfer,42800,2025-01-31 00:52:23,NULL
TXN1344,CUS062,AGT5026,withdrawal,81500,2025-02-27 04:43:08,Entebbe
TXN1345,CUS058,AGT5003,deposit,88600,2025-01-10 12:51:45,Kampala
TXN1346,CUS150,NULL,transfer,6500,2025-02-23 15:08:00,NULL
TXN1347,CUS192,AGT5045,withdrawal,24000,2025-01-29 18:50:50,Kampala
TXN1348,CUS152,NULL,bill_payment,65200,2025-02-22 21:44:48,NULL
TXN1349,CUS132,AGT5009,deposit,39000,2025-02-27 05:40:29,Gulu
TXN1350,CUS024,AGT5007,deposit,43000,2025-02-28 04:00:24,Kampala
TXN1351,CUS021,AGT5011,deposit,86400,2025-02-17 03:33:46,Nairobi
TXN1352,CUS138,NULL,bill_payment,56000,2025-01-17 10:44:14,NULL
TXN1353,CUS186,AGT5010,deposit,29200,2025-02-16 06:47:39,Dar es Salaam
TXN1354,CUS160,AGT5043,deposit,3700,2025-01-02 21:26:47,Kampala
TXN1355,CUS159,AGT5034,withdrawal,43500,2025-02-28 14:39:19,Kampala
TXN1356,CUS017,AGT5023,withdrawal,134300,2025-01-24 01:59:36,Kampala
TXN1357,CUS161,AGT5040,deposit,86900,2025-01-20 20:31:33,Mbarara
TXN1358,CUS062,AGT5009,withdrawal,72500,2025-01-25 01:09:48,Kampala
TXN1359,CUS179,AGT5003,transfer,12700,2025-02-19 08:15:03,Kampala
TXN1360,CUS122,AGT5037,deposit,33900,2025-02-09 19:09:23,Kampala
TXN1361,CUS138,AGT5024,transfer,25000,2025-01-26 23:24:28,Kampala
TXN1362,CUS030,NULL,transfer,87800,2025-01-03 15:01:53,NULL
TXN1363,CUS073,AGT5024,deposit,19100,2025-01-07 12:13:06,Kampala
TXN1364,CUS006,AGT5021,bill_payment,51900,2025-01-25 09:04:49,Kampala
TXN1365,CUS101,AGT5029,withdrawal,101800,2025-01-01 06:21:09,Kampala
TXN1366,CUS137,AGT5006,withdrawal,165200,2025-02-26 10:57:12,Kampala
TXN1367,CUS045,NULL,bill_payment,54500,2025-01-26 16:21:59,NULL
TXN1368,CUS106,AGT5037,withdrawal,15600,2025-02-17 18:10:17,Gulu
TXN1369,CUS118,AGT5013,withdrawal,147300,2025-02-08 17:59:09,KAMPALA
TXN1370,CUS098,AGT5036,bill_payment,47800,2025-01-19 23:15:35,Gulu
TXN1371,CUS149,AGT5032,withdrawal,274000,2025-02-08 03:01:04,Kampala
TXN1372,CUS040,NULL,transfer,48300,2025-01-04 20:33:20,NULL
TXN1373,CUS030,AGT5009,deposit,6600,2025-02-18 13:33:21,Kampala
TXN1374,CUS032,AGT5010,deposit,57300,2025-01-03 12:12:49,Kampala
TXN1375,CUS018,AGT5049,withdrawal,80400,2025-01-12 08:24:22,Kampala
TXN1376,CUS043,AGT5021,deposit,88800,2025-02-14 20:44:18,Kampala
TXN1377,CUS154,AGT5027,deposit,10200,2025-02-23 06:30:12,Kampala
TXN1378,CUS103,AGT5006,transfer,14200,2025-01-01 03:04:04,Jinja
TXN1379,CUS158,AGT5020,withdrawal,480900,2025-01-17 08:07:18,Gulu
TXN1380,CUS079,AGT5007,deposit,137100,2025-01-14 14:19:13,Entebbe
TXN1381,CUS070,NULL,bill_payment,43700,2025-02-20 13:49:44,NULL
TXN1382,CUS170,AGT5011,withdrawal,82400,2025-02-20 15:07:11,Jinja
TXN1383,CUS043,NULL,transfer,38900,2025-01-15 22:56:26,NULL
TXN1384,CUS179,AGT5025,withdrawal,202200,2025-02-07 16:57:11,Kampala
TXN1385,CUS116,NULL,transfer,8900,2025-01-18 10:37:05,NULL
TXN1386,CUS043,NULL,transfer,39900,2025-02-03 03:54:50,NULL
TXN1387,CUS084,NULL,transfer,29200,2025-02-27 12:50:39,NULL
TXN1388,CUS061,AGT5022,deposit,15500,2025-02-05 01:28:59,Nairobi
TXN1389,CUS177,NULL,transfer,34100,2025-01-20 22:29:48,NULL
TXN1390,CUS063,AGT5026,withdrawal,132700,2025-01-24 06:47:56,Kampala
TXN1391,CUS018,AGT5018,deposit,16900,2025-02-27 00:59:06,Kampala
TXN1392,CUS110,AGT5002,deposit,169700,2025-03-01 23:13:52,Dar es Salaam
TXN1393,CUS131,AGT5046,deposit,22200,2025-01-13 15:12:24,Gulu
TXN1394,CUS043,AGT5006,withdrawal,444900,2025-01-22 02:18:55,Mbarara
TXN1395,CUS036,AGT5002,withdrawal,51400,2025-02-17 10:47:30,Mbarara
TXN1396,CUS140,NULL,bill_payment,50700,2025-01-09 08:55:29,NULL
TXN1397,CUS120,AGT5010,withdrawal,24200,2025-01-29 16:01:20,Gulu
TXN1398,CUS140,NULL,bill_payment,46600,2025-02-01 16:26:23,NULL
TXN1399,CUS121,AGT5021,deposit,13600,2025-01-03 07:56:05,Jinja
TXN1400,CUS158,AGT5023,deposit,28000,2025-01-25 14:27:09,Jinja
TXN1401,CUS150,AGT5046,deposit,28100,2025-01-26 08:03:14,KAMPALA
TXN1402,CUS042,NULL,transfer,115100,2025-01-29 07:29:54,NULL
TXN1403,CUS027,AGT5050,deposit,6300,2025-01-01 02:01:02,Kampala
TXN1404,CUS149,AGT5035,deposit,47100,2025-01-13 21:14:42,Gulu
TXN1405,CUS006,AGT5037,deposit,2200,2025-01-09 09:37:46,KAMPALA
TXN1406,CUS117,NULL,transfer,184800,2025-01-14 21:00:54,NULL
TXN1407,CUS167,AGT5019,deposit,102400,2025-01-15 12:09:49,Kampala
TXN1408,CUS007,NULL,bill_payment,44100,2025-02-05 01:52:19,NULL
TXN1409,CUS114,AGT5016,deposit,26000,2025-01-30 16:24:22,Jinja
TXN1410,CUS150,AGT5050,deposit,1600,2025-02-07 20:28:03,Jinja
TXN1411,CUS165,NULL,transfer,19300,2025-01-31 22:55:26,NULL
TXN1412,CUS066,AGT5050,deposit,26300,2025-02-26 09:21:04,Jinja
TXN1413,CUS179,NULL,bill_payment,48900,2025-02-20 20:45:40,NULL
TXN1414,CUS014,AGT5023,withdrawal,190400,2025-02-15 03:23:55,Kampala
TXN1415,CUS175,AGT5011,deposit,24500,2025-02-23 17:41:34,Nairobi
TXN1416,CUS169,AGT5046,withdrawal,88300,2025-01-10 07:10:48,Kampala
TXN1417,CUS056,NULL,transfer,82900,2025-01-02 09:09:20,NULL
TXN1418,CUS018,AGT5047,deposit,86000,2025-01-13 17:23:56,Kampala
TXN1419,CUS047,NULL,bill_payment,48900,2025-01-09 22:32:55,NULL
TXN1420,CUS190,AGT5001,deposit,5400,2025-02-27 10:05:52,Entebbe
TXN1421,CUS102,AGT5036,deposit,3600,2025-02-19 18:55:50,Mbarara
TXN1422,CUS126,AGT5008,withdrawal,66100,2025-02-28 08:51:52,Kampala
TXN1423,CUS121,AGT5007,deposit,9800,2025-01-22 12:50:20,Jinja
TXN1424,CUS014,AGT5001,withdrawal,219200,2025-02-06 19:20:09,Mbarara
TXN1425,CUS016,AGT5037,deposit,16600,2025-02-06 16:26:52,Kampala
TXN1426,CUS030,AGT5016,deposit,57900,2025-01-23 04:08:42,Kampala
TXN1427,CUS053,AGT5003,deposit,25900,2025-02-04 00:14:47,Kampala
TXN1428,CUS147,AGT5017,withdrawal,158900,2025-02-07 19:02:22,Kampala
TXN1429,CUS114,AGT5002,deposit,114000,2025-02-27 17:43:28,Entebbe
TXN1430,CUS004,AGT5023,deposit,27500,2025-01-23 19:29:47,Kampala
TXN1431,CUS068,AGT5007,deposit,88500,2025-01-25 09:24:07,Gulu
TXN1432,CUS174,AGT5021,withdrawal,80900,2025-01-10 22:21:16,Mbarara
TXN1433,CUS017,AGT5003,deposit,23400,2025-02-03 02:32:30,Gulu
TXN1434,CUS126,AGT5028,withdrawal,17700,2025-02-21 22:10:08,Kampala
TXN1435,CUS057,NULL,bill_payment,41000,2025-01-18 20:22:02,NULL
TXN1436,CUS188,AGT5032,deposit,190200,2025-01-04 16:16:58,Dar es Salaam
TXN1437,CUS033,AGT5013,transfer,44100,2025-02-02 02:14:52,Gulu
TXN1438,CUS006,NULL,transfer,18100,2025-01-01 08:22:12,NULL
TXN1439,CUS095,AGT5013,withdrawal,84400,2025-01-29 20:40:54,Jinja
TXN1440,CUS191,AGT5008,withdrawal,129600,2025-02-19 13:21:27,Kampala
TXN1441,CUS123,AGT5040,transfer,137200,2025-02-27 13:24:20,Kampala
TXN1442,CUS084,AGT5044,withdrawal,126900,2025-01-22 06:51:10,Mbarara
TXN1443,CUS151,NULL,transfer,1800,2025-01-13 20:34:45,NULL
TXN1444,CUS030,NULL,transfer,3000,2025-02-24 02:58:17,NULL
TXN1445,CUS108,NULL,transfer,242200,2025-02-03 19:52:56,NULL
TXN1446,CUS164,AGT5044,deposit,73500,2025-02-13 22:19:27,Kampala
TXN1447,CUS123,AGT5014,deposit,6400,2025-02-24 07:54:16,Entebbe
TXN1448,CUS083,AGT5011,deposit,57000,2025-01-26 09:59:55,Dar es Salaam
TXN1449,CUS128,NULL,transfer,20600,2025-01-03 05:51:29,NULL
TXN1450,CUS060,AGT5025,withdrawal,143600,2025-02-23 20:14:13,Jinja
TXN1451,CUS117,AGT5050,withdrawal,89100,2025-01-18 15:44:36,Jinja
TXN1452,CUS061,AGT5035,deposit,13800,2025-01-29 21:08:54,Mbarara
TXN1453,CUS109,AGT5022,withdrawal,152300,2025-02-27 16:38:30,Kampala
TXN1454,CUS073,NULL,transfer,13300,2025-01-06 05:36:12,NULL
TXN1455,CUS086,AGT5005,deposit,47600,2025-03-01 02:49:27,Kampala
TXN1456,CUS043,NULL,transfer,3300,2025-01-07 21:39:46,NULL
TXN1457,CUS158,AGT5033,transfer,33600,2025-02-08 21:52:56,Kampala
TXN1458,CUS018,NULL,bill_payment,45800,2025-02-04 12:25:38,NULL
TXN1459,CUS125,AGT5025,deposit,16000,2025-01-21 20:00:25,Kampala
TXN1460,CUS012,AGT5015,deposit,28800,2025-02-06 22:04:28,Jinja
TXN1461,CUS183,AGT5034,withdrawal,57600,2025-02-25 15:02:15,Kampala
TXN1462,CUS013,AGT5041,withdrawal,12800,2025-01-12 12:56:28,DAR ES SALAAM
TXN1463,CUS133,NULL,transfer,44000,2025-01-04 06:07:08,NULL
TXN1464,CUS171,AGT5042,withdrawal,15800,2025-01-18 04:29:52,Jinja
TXN1465,CUS051,AGT5037,deposit,21800,2025-02-14 04:51:26,Jinja
TXN1466,CUS027,NULL,bill_payment,29700,2025-02-07 19:44:21,NULL
TXN1467,CUS068,AGT5018,withdrawal,193100,2025-02-23 03:13:01,Kampala
TXN1468,CUS128,AGT5046,deposit,60800,2025-02-27 12:28:34,Jinja
TXN1469,CUS108,AGT5021,bill_payment,61800,2025-01-09 11:37:43,Mbarara
TXN1470,CUS185,NULL,bill_payment,61600,2025-01-13 05:06:58,NULL
TXN1471,CUS144,AGT5012,deposit,16900,2025-02-02 16:37:03,Kampala
TXN1472,CUS093,AGT5002,deposit,51200,2025-01-08 10:56:18,Gulu
TXN1473,CUS053,AGT5036,withdrawal,200700,2025-01-24 13:44:31,Kampala
TXN1474,CUS111,AGT5045,deposit,41700,2025-01-04 23:28:54,Gulu
TXN1475,CUS155,AGT5032,deposit,6000,2025-01-04 17:34:20,Kampala
TXN1476,CUS186,AGT5006,transfer,53500,2025-02-17 08:56:16,Nairobi
TXN1477,CUS024,AGT5026,deposit,66300,2025-02-09 02:41:09,Kampala
TXN1478,CUS028,NULL,transfer,7300,2025-02-01 15:05:29,NULL
TXN1479,CUS008,AGT5007,deposit,23000,2025-02-19 09:09:37,Gulu
TXN1480,CUS170,AGT5048,deposit,39900,2025-01-13 00:40:05,Kampala
TXN1481,CUS042,NULL,transfer,159100,2025-02-14 02:45:31,NULL
TXN1482,CUS195,AGT5020,withdrawal,18300,2025-02-06 14:57:29,JINJA
TXN1483,CUS109,AGT5006,withdrawal,145100,2025-02-27 13:13:24,KAMPALA
TXN1484,CUS022,AGT5035,deposit,6000,2025-01-29 02:08:59,Kampala
TXN1485,CUS133,AGT5038,deposit,10700,2025-01-06 18:10:39,Kampala
TXN1486,CUS010,AGT5050,bill_payment,60700,2025-02-27 07:10:41,Kampala
TXN1487,CUS063,NULL,bill_payment,50900,2025-02-17 17:45:32,NULL
TXN1488,CUS035,AGT5023,withdrawal,64400,2025-02-24 02:11:46,Mbarara
TXN1489,CUS097,AGT5021,deposit,56800,2025-02-05 22:58:43,Kampala
TXN1490,CUS004,AGT5000,withdrawal,26400,2025-01-17 01:18:28,Kampala
TXN1491,CUS122,AGT5026,withdrawal,134600,2025-02-17 00:35:59,Kampala
TXN1492,CUS192,AGT5039,withdrawal,215000,2025-01-22 06:00:43,Gulu
TXN1493,CUS002,NULL,transfer,35700,2025-02-03 06:23:16,NULL
TXN1494,CUS145,NULL,transfer,49300,2025-01-22 06:08:31,NULL
TXN1495,CUS130,AGT5013,deposit,17700,2025-01-22 18:27:05,Kampala
TXN1496,CUS060,AGT5045,withdrawal,289500,2025-02-20 01:32:13,Jinja
TXN1497,CUS150,AGT5001,deposit,166500,2025-02-01 11:03:23,Kampala
TXN1498,CUS107,AGT5014,deposit,45000,2025-02-16 17:05:50,Kampala
TXN1499,CUS175,AGT5029,withdrawal,13800,2025-02-19 23:46:25,Kampala
TXN1500,CUS113,AGT5000,deposit,40300,2025-02-28 21:41:35,Jinja
