customer_id,avg_transaction_amount,total_transactions_per_month,frequency_score
CUS_B_39,55471.1911517521,39,77.80805534536556
CUS_A_500,6389.266321297462,3,18.453954614750682
CUS_A_423,6457.356426431534,3,15.127353476646793
CUS_B_36,49807.396202656055,32,66.36902730538625
CUS_A_625,4233.176485353222,5,31.15650073096316
CUS_A_648,4653.598204686983,1,33.221716735085174
CUS_C_117,479846.20054674847,6,55.82737583173864
CUS_A_754,3575.9016667520855,2,16.52643434455471
CUS_A_485,2866.619435603489,1,28.475255202153765
CUS_A_491,7219.916208335038,4,19.81481601475794
CUS_B_7,38611.66882219231,34,100.0
CUS_B_363,43094.589476837406,42,80.87526777466375
CUS_C_41,432893.6125757443,10,45.68874430424901
CUS_B_122,46869.419694768454,30,78.59548843600628
CUS_A_38,3007.720926652354,5,20.3223720740506
CUS_C_139,495104.2376778548,7,51.784766638853895
CUS_B_171,45792.38206318947,26,77.92916479704135
CUS_A_511,4924.642835826295,5,16.019870715982556
CUS_C_162,554438.4827108337,8,60.01824853681937
CUS_C_181,435770.78671500157,13,63.032780373160634
CUS_A_355,3496.2059530432866,2,27.061102777077146
CUS_A_160,3537.977494659018,3,17.356916591251217
CUS_B_22,46713.81524251015,31,83.85653381868309
CUS_A_201,5841.176789552352,4,11.19595594009612
CUS_B_264,60599.36384046622,33,70.3828037913913
CUS_B_155,55844.12980472484,34,66.95621405027887
CUS_B_319,63404.61051790348,30,70.32418451664955
CUS_B_244,47060.33052335818,48,72.2981394777231
CUS_A_383,4211.367467478858,4,22.7336678410069
CUS_A_206,5772.55290081299,4,17.178762006713058
CUS_A_67,6505.299346838036,5,23.795775801513233
CUS_A_182,3393.6612529083313,4,14.020584689824078
CUS_B_16,41303.369187253054,38,79.06587267363803
CUS_A_261,4910.7119659073,1,21.50895949909733
CUS_A_585,5372.330879450504,2,18.925394848556323
CUS_A_244,3199.555389416336,5,20.70443123455602
CUS_A_315,5031.505762449138,1,26.874382095740923
OUTLIER_1,461022.0,85,71.0
CUS_A_348,3922.333668121346,3,18.326123339467294
CUS_A_24,4183.425913212226,2,19.87486520627428
CUS_C_121,492648.7288284575,7,26.838561370311233
CUS_A_190,4330.227571899468,1,19.395259256961094
CUS_A_455,3810.690751606484,5,19.155891384049948
CUS_A_626,3515.592769612129,4,23.190255507203787
CUS_A_422,4626.55377728139,2,19.33683126808713
CUS_A_292,4115.952864583683,4,16.327042116009753
CUS_A_631,7294.32547919092,4,16.89576200874442
CUS_B_247,46429.70799193391,22,81.25578368774747
CUS_A_515,6133.0868387386345,2,19.696695930926897
CUS_B_332,53906.95920928144,24,64.72515129994166
CUS_C_113,506308.8951830984,7,67.03172609918037
CUS_C_176,495430.02212454425,6,54.64369863546574
CUS_A_638,3065.058650388419,5,30.370413348749867
CUS_A_662,4950.870094676003,4,25.63025125386084
CUS_B_196,61941.09403047372,48,92.13115244202858
CUS_A_432,4595.889748333163,1,23.5472590856952
CUS_A_717,5225.452642192817,5,18.4601923518048
CUS_A_90,5145.61632402206,3,16.654636306700418
CUS_B_434,51752.11418908512,40,86.23479203124266
CUS_C_16,440906.2937289599,5,68.97767016745976
CUS_B_238,49944.03981170953,32,83.62806970043574
CUS_A_467,6136.261565070958,4,10.846835515717716
CUS_A_87,5493.126664489527,1,11.932193010616295
CUS_B_382,56833.289928110695,36,68.26571847507458
CUS_A_669,6637.260277883693,5,26.872190465854086
CUS_A_663,4184.862843299353,4,19.74303138205757
CUS_C_122,542036.7241064775,5,58.58014195302145
CUS_C_42,431708.7922292281,10,54.08052846836756
CUS_A_105,5606.076285221808,1,16.61142315123947
CUS_B_235,57789.36503512114,48,80.27552809364673
CUS_B_440,54200.944904518416,40,69.75635543198027
CUS_B_271,51433.88467342251,30,82.5727456907139
CUS_A_303,5915.555398150197,2,20.430719415231874
CUS_A_125,8285.683438714968,4,22.7811500470033
CUS_B_45,50196.1665769399,38,78.72763831679958
CUS_A_549,4094.022219926269,1,21.80751762603051
CUS_B_419,41745.89470021045,50,92.18590897369806
CUS_A_458,4169.526041979227,4,15.36323432904713
CUS_C_159,471969.6181576345,12,63.03507931934759
CUS_A_13,2130.079633013303,4,21.608489030980067
CUS_B_121,53556.1334878566,32,94.7888706663713
CUS_C_196,483649.13411951147,8,41.07212484508116
CUS_B_285,44517.12703509399,50,78.01177105540441
CUS_B_138,43506.26961678574,30,72.8860733741734
CUS_C_148,507049.134980603,9,51.03438129308106
CUS_A_699,4722.646795335517,3,22.565427100486467
CUS_A_165,5619.171390404747,1,28.51107472317619
CUS_C_169,551176.5322092673,7,37.71556168734237
CUS_A_793,3084.877136269536,5,17.749053675742942
CUS_B_67,52307.009057186835,28,83.87101320950431
CUS_B_334,60473.177066214485,28,80.58144419463473
CUS_B_49,44263.98227103099,27,70.65776358985651
CUS_B_84,59873.34516589102,32,82.33754182661099
CUS_A_189,2727.729162971203,3,23.241402169219295
CUS_A_359,3759.1535846715155,3,22.141535486038244
CUS_A_354,4971.475688145967,4,20.12109728336379
CUS_B_429,53278.79524159357,42,85.56162320067199
CUS_A_397,7030.808561248119,1,21.621796408608017
CUS_A_15,4156.568706138541,4,24.960211747682614
CUS_B_174,54367.3855173351,26,65.43517359561186
CUS_A_588,6245.503724816368,4,26.55154373059804
CUS_B_318,66734.52090298537,33,77.59312202287339
CUS_A_438,2444.926340967268,2,15.322806489777022
CUS_B_490,64641.772387524376,48,67.50805422046513
CUS_B_50,51018.56295261987,46,81.73420451010104
CUS_A_782,5570.296776508945,4,27.113740680499703
CUS_B_386,42140.13967365018,41,87.82737689622428
CUS_A_26,3273.5096338665458,2,26.951037745086566
CUS_A_770,6061.627903183213,2,17.618895632276704
CUS_C_3,452724.6560028634,6,51.11372601840053
CUS_C_91,471802.62559708784,8,47.77279299223393
CUS_A_561,8113.101197968159,1,15.669125758927496
CUS_B_417,43877.6326549225,42,70.57567306098895
CUS_B_330,55514.76275239523,40,78.88482239469413
CUS_C_109,495057.7399380347,12,73.07916250616111
CUS_A_19,2881.544447997063,2,15.507660091044814
CUS_A_559,4368.523278769606,1,14.86162429537021
CUS_B_263,46079.87360080871,50,81.63511225282382
CUS_A_544,1292.533249809066,4,23.541072116282784
CUS_A_486,4030.14067363621,4,16.88675319132774
CUS_A_381,4100.911031833966,5,17.47612539385891
CUS_A_426,3552.6148091298433,5,9.136652269929819
CUS_B_115,48090.96208272701,41,90.05719373490058
CUS_C_123,510390.12536766566,8,41.71803727034765
CUS_A_40,6107.6998699931155,1,15.303323030906228
CUS_C_157,437243.23140133027,8,50.176132519336576
CUS_A_799,5044.634209243618,1,13.896437870429207
CUS_B_347,48256.457420971645,34,62.98218063718804
CUS_A_260,3609.6042926328755,3,15.008072804058543
CUS_A_276,5298.589543360205,3,7.878798698635292
CUS_A_120,6186.547920564571,5,12.89094666629078
CUS_B_389,57215.625051261435,27,77.35368620537955
CUS_B_286,51600.18225852788,38,89.60425326779098
CUS_A_251,6376.792920582164,3,17.336495801690443
CUS_A_670,6869.127788746444,5,9.321628930106522
CUS_A_28,4099.041965121793,3,20.051763099216902
CUS_A_240,3811.2188923509493,3,29.422931529673043
CUS_A_760,4136.543260643339,3,20.001035324590987
CUS_A_546,5865.60819077081,1,24.765683169566223
CUS_A_128,5149.477047631462,1,16.782408848099287
CUS_A_382,1814.1564135352896,3,24.203100132522763
CUS_B_495,53891.59195667929,41,77.69568900862339
CUS_B_34,74126.15421612916,21,87.6115942164647
CUS_B_333,36735.27871688917,42,90.54641859882136
CUS_A_368,5146.514147823247,3,21.692419217308455
CUS_A_395,4296.236521842943,5,19.879021968045418
CUS_B_398,44504.4286409142,45,98.25321469231073
CUS_B_288,61173.98815902461,21,64.26344237130279
CUS_A_336,3761.7542048112327,4,24.59614467287602
CUS_B_376,54822.489526806574,45,72.43403151442575
CUS_A_121,3635.9188178078916,1,27.506668259777435
CUS_C_152,494424.5586428528,15,53.22082310766986
CUS_B_25,48372.07093927706,27,64.57861936523511
CUS_B_313,50693.4433703625,36,84.5791224894054
CUS_A_407,4786.430772468059,4,13.270101598766257
CUS_B_421,62446.79580736787,22,94.25439127016848
CUS_B_130,45632.80263959405,32,80.73401987558698
CUS_B_23,56031.874310823434,34,82.94986517854016
CUS_B_3,64524.67534470745,38,65.7130680645271
CUS_A_316,6022.9294569424455,3,16.770179104377323
CUS_B_274,39706.284918179284,22,81.8021129379804
CUS_A_6,7368.819223261087,4,19.969645442300532
CUS_B_241,46129.00297525599,50,83.57498000642158
CUS_C_8,510831.248770231,7,40.14196191332174
CUS_A_678,6403.517589721192,5,22.778022330017244
CUS_C_191,474239.0803095879,12,39.84121173010021
CUS_B_61,41715.029752197544,46,75.89442908389283
CUS_A_340,3766.669406650353,2,17.763390521706246
CUS_B_187,50341.524174880244,31,90.17882800085414
CUS_B_323,38517.36711247382,46,73.9536679987331
CUS_C_26,509806.57295119535,11,54.21546083536561
CUS_C_58,521415.8346187619,11,57.31380252574992
CUS_B_56,51733.416643704084,39,75.61384964059938
CUS_A_0,5745.071229516849,2,10.818973134483517
CUS_A_554,5506.403993112804,2,19.357312442805345
CUS_C_102,525279.4620917938,10,35.64090476131472
CUS_A_301,4159.728439704546,5,18.164860804583387
CUS_A_468,4204.2482785842085,1,22.556012997624904
CUS_A_27,5563.547027518508,2,22.789051531759313
CUS_B_85,49240.48976357477,49,78.501367852749
CUS_B_125,56045.15326355367,27,90.36697425490411
CUS_A_696,5489.199533363177,2,16.866413877050174
CUS_A_253,6548.69789082672,4,5.638688933591753
CUS_B_410,47210.370696681915,32,72.38146895408963
CUS_B_427,47450.44206446302,34,86.05996119469988
CUS_A_102,4485.928225209846,3,20.160020745328833
CUS_A_111,4960.229186826175,1,15.141929807446743
CUS_C_106,524571.47263601,10,60.12637409644071
CUS_B_234,54395.01230620226,46,75.92154645447295
CUS_A_285,2071.868300716247,3,13.728552884153753
CUS_B_399,58595.87886979802,49,75.05886658453042
CUS_B_431,27806.996272524648,27,72.097013272794
CUS_A_761,5183.014721968042,2,19.953498394306926
CUS_A_722,2977.7218668414307,1,23.296228342162024
CUS_B_290,46402.31354210914,48,78.51323398245802
CUS_A_123,2897.2234058115787,1,18.745834917724764
CUS_B_463,70884.42772869926,39,74.3022338908076
CUS_A_41,5257.052421784956,4,19.279562221391924
CUS_C_49,561500.0286359575,14,29.135223416289154
CUS_A_653,3340.211136887495,3,20.48991576735448
CUS_B_194,32741.932712094032,41,70.9583702026086
CUS_B_445,40736.18870018462,29,87.50332430008524
CUS_B_377,37623.37577672702,49,84.86596953347974
CUS_B_119,54724.062778803775,29,86.06337479938895
CUS_B_435,79852.5900260341,49,79.68784384497965
CUS_B_144,43153.701742399964,37,66.88412669979652
CUS_A_403,5070.470890647113,4,18.705475131479613
CUS_A_60,4281.238643232065,1,7.230394325490225
CUS_A_421,7633.011263664806,4,29.499409674476077
CUS_A_736,5384.044601470813,1,26.803292979193255
CUS_A_97,5391.582908269834,2,16.97142538498331
CUS_A_39,5295.291853803686,4,10.122667168230643
CUS_A_85,4247.364434623195,1,28.558542400711715
CUS_A_268,4339.933269954525,2,18.867605540492367
CUS_A_134,3620.863648649295,3,22.691480395248163
CUS_C_6,516927.6438142957,11,56.92855755817811
CUS_C_170,508764.3389466962,13,29.244119909214668
CUS_B_109,43380.17822203391,40,82.63606988458407
CUS_B_96,48196.08318237592,26,81.1300571206997
CUS_B_201,47484.61113955504,47,80.6198441481509
CUS_B_146,30298.961822881643,38,87.97256408463558
CUS_C_53,579529.1036308925,13,42.719229021446786
CUS_A_272,6744.745628232439,1,27.46344284479761
CUS_A_578,2782.1206313302378,5,26.521701214390763
CUS_B_124,37495.92266030282,35,80.78454031631156
CUS_A_31,7778.417276763406,2,18.47387647822666
CUS_B_361,47655.92199683678,35,66.94979347631244
CUS_A_735,5708.896223619565,3,21.386884689790957
CUS_A_764,6723.909989428514,2,24.125491323338174
CUS_A_417,5173.511951439288,2,25.548499209781117
CUS_C_89,551349.3131659866,5,53.326075103241976
CUS_A_778,4888.349856349931,4,21.326811746998143
CUS_A_489,6322.459635424176,3,13.399887443896471
CUS_B_8,60391.11787420268,22,82.79840019654326
CUS_B_486,47003.23351993213,26,73.10637543794994
CUS_A_350,5466.361348397007,1,15.224387103253235
CUS_A_768,4059.549413318349,5,13.270645382633926
CUS_B_140,64196.03004513637,35,87.00837434023835
CUS_B_184,53476.764835383365,45,84.34783502936074
CUS_B_21,56383.91925608383,25,86.51321409694613
CUS_A_142,2588.7751481581586,5,18.89373188207114
CUS_A_255,4273.648890700623,5,28.86125798334872
CUS_B_469,55346.290861224355,49,89.38205476213956
CUS_A_217,4644.772089889987,3,19.98312771294524
CUS_B_164,48724.508796224654,47,89.08496117746355
CUS_A_504,4024.0361463172594,5,10.624137651771278
CUS_A_547,4695.431920935511,4,21.43562082600912
CUS_A_347,2888.804338435167,5,25.149804087905807
CUS_B_95,46425.545771895726,46,83.06391187792742
CUS_B_499,43743.227125037876,25,82.70418784881366
CUS_A_464,4831.507925463755,2,6.483838535003814
CUS_A_92,3946.9203591839714,5,16.97192230131568
CUS_B_108,51897.06167610396,22,75.44133657408993
CUS_C_133,569226.6023796953,13,55.212799050138145
CUS_B_266,56835.69323200478,37,82.5396260900014
CUS_A_151,5519.672314245464,2,28.036727880099964
CUS_C_65,451013.9387641597,5,58.20158186755484
CUS_B_160,41012.15951676872,48,72.4086678334013
CUS_B_158,66172.12574968624,22,83.73336785572864
CUS_A_796,4940.667269215018,2,12.78072591933229
CUS_A_501,7864.124960705196,5,16.239217972047083
CUS_B_182,44958.201689923284,43,90.10965342123735
CUS_A_693,5923.903410416396,4,22.035261435622676
CUS_C_101,430700.6028800501,13,50.39447048240739
CUS_B_418,39148.49473442202,43,93.3377928924091
CUS_A_716,5171.341472993059,3,16.037900395000193
CUS_A_64,6218.7887335912965,2,14.149434869703203
CUS_C_40,569979.7322572897,11,57.82873734948573
CUS_A_252,8183.23429551895,1,14.15041582144856
CUS_B_246,34821.262533191904,36,84.88172935671378
CUS_B_283,62358.11620006939,48,84.42432068681887
CUS_A_305,5175.991074963173,5,5.393247582526964
CUS_A_239,6278.650002194336,1,25.44374309852093
CUS_C_98,496301.3568202811,13,44.75432986232949
CUS_B_450,59758.167193447094,30,78.61758610082829
CUS_B_352,45632.35762761783,37,74.33899284142379
CUS_B_32,24376.663412046895,32,89.97513372427775
CUS_A_488,7530.712452608847,4,16.28764707150976
CUS_A_622,7823.03674471255,5,14.030374968004722
CUS_A_147,3019.3150803735853,5,17.08461280715531
CUS_A_410,6067.422317133334,2,14.998343376972127
CUS_C_146,507276.059888412,13,43.077496707341034
CUS_B_173,51989.48146796494,29,75.43718906869056
CUS_B_298,50327.96995411586,30,79.24433028446398
CUS_B_295,40428.49085104957,38,81.14870349204128
CUS_A_692,3378.4050086001544,3,16.135611660881956
CUS_A_431,1941.151733359849,5,20.952498398895333
CUS_A_345,5348.074906036454,1,15.768216725045633
CUS_A_314,6958.218210731494,4,19.0855177944758
CUS_B_432,47702.003694248066,34,73.22519227099708
CUS_A_565,4387.886940467673,5,28.87655446304756
CUS_A_687,4437.768788675604,4,20.973680973593876
CUS_A_492,5116.052461471428,2,17.8534888774137
CUS_C_39,528703.5610447001,10,52.127397758576606
CUS_A_114,4711.458552828316,2,14.7654450865903
CUS_A_583,8406.039286706593,1,17.945928560227077
CUS_A_667,7255.989482874033,2,16.7311683067559
CUS_A_129,4244.786518825701,5,24.639200640406187
CUS_B_100,35760.42847549855,47,84.06614911739672
CUS_A_299,5944.443262885418,1,23.46552803631572
CUS_A_476,5864.835444583649,4,20.377168194507963
CUS_A_203,6580.703078052355,5,26.31292051713591
CUS_A_56,3741.1737151660423,1,22.184690848731748
CUS_A_434,7253.535578144042,2,22.565528990880413
CUS_A_70,5542.093408262621,3,17.268777758737585
CUS_A_619,5335.826036418697,4,22.238584629051388
CUS_B_259,60971.527117536956,40,73.72997183100458
CUS_A_527,5072.127419992073,2,24.48419657932766
CUS_B_249,55752.050161065665,30,81.79373123432634
CUS_A_726,5027.650899598089,3,16.15428825106351
CUS_A_564,6801.820883245917,5,16.768863450780984
CUS_A_22,5101.292307031886,2,25.42947782915789
CUS_B_392,36613.94200276751,30,70.42569082858951
CUS_A_609,7244.066467233774,2,18.14994485058936
CUS_A_584,5272.799382587743,4,14.47147665757032
CUS_B_59,64898.63438602082,50,81.76433141611093
CUS_A_733,2446.124593643239,1,13.803708025732638
CUS_A_537,4423.166683655262,3,16.7499870958827
CUS_B_10,56704.80617241212,40,79.23628602328742
CUS_A_479,6679.362367151865,3,15.783767023419042
CUS_B_307,43499.760655931015,38,86.8444452721657
CUS_B_348,52253.07922040942,27,79.20724559806985
CUS_C_194,453771.79428109503,12,37.82717307779521
CUS_A_612,5419.95293947973,5,22.804597239706194
CUS_A_37,2060.4948141803366,5,22.43250821913101
CUS_B_485,35514.08585366456,29,84.43246216892726
CUS_A_300,3756.5074836168915,4,20.882207776386124
CUS_A_633,4359.67839507887,5,17.639547111514364
CUS_B_268,62119.43985386401,23,79.2529051288004
CUS_C_70,464548.95211847546,15,61.91707497107065
CUS_B_208,41695.55593443435,43,76.69115573262684
CUS_B_185,45127.714358864476,24,81.59848346974971
CUS_A_254,2720.94505106898,4,19.862425474746818
CUS_A_494,7284.686115904486,1,12.968412681640832
CUS_C_127,496138.9477388477,6,48.77942867878723
CUS_A_656,5020.8939378694195,5,21.345634706225535
CUS_B_296,53437.87881549886,42,65.45616619690276
CUS_B_178,56802.1610545045,23,69.05347968933752
CUS_B_366,49328.217099506444,34,75.14797289427408
CUS_A_746,5280.150146715618,5,22.381788846781095
CUS_B_175,54042.947549616976,40,82.16045886713138
CUS_C_141,544451.8561139946,6,35.25867867957894
CUS_B_28,57408.243454201256,47,79.60882253220716
CUS_A_364,6035.215987566668,3,22.898165866067878
CUS_A_414,5498.4710179693875,4,21.753150496367795
CUS_B_304,31538.121377619063,50,78.96386202509247
CUS_A_309,4696.711021349159,2,14.951346476450311
CUS_A_651,6689.847544321636,2,22.338465858827167
CUS_B_388,53038.18595604876,30,71.17064137175704
CUS_A_211,6703.348460270899,1,26.041831152965713
CUS_B_44,54384.75738809727,22,97.75024186758507
CUS_B_147,58925.97338299309,45,76.26803696617442
CUS_B_225,67952.11355912322,48,84.41392639928736
CUS_B_336,47706.092559319724,50,79.2861267662284
CUS_A_677,7628.405665135434,1,23.226077929750286
CUS_A_460,7947.087699374584,5,24.87598814891215
CUS_B_475,50856.87161403359,43,85.17191630180616
CUS_A_177,7180.301115735975,2,15.7473977289535
CUS_A_248,7648.181360421646,4,17.66981749065879
CUS_A_545,3804.657116794285,3,21.166080656317508
CUS_A_679,6907.332642491238,2,20.447903406276243
CUS_B_402,50253.8842054241,39,85.70169623089065
CUS_B_18,38105.88107132672,21,93.91081081482665
CUS_B_284,48441.01822063333,48,81.87219563482519
CUS_B_302,58901.98411124787,47,88.33379731247081
CUS_A_697,3123.3296354220456,5,24.311967361913794
CUS_A_63,3205.690063878994,3,18.87617299053658
CUS_A_140,5341.189901906194,5,30.28103564970161
CUS_A_773,6458.8316744400945,1,20.967949556837723
CUS_B_339,55142.54756017835,41,91.95950581962589
CUS_B_197,40188.34468860318,40,84.81694656313987
CUS_B_216,46160.287280476485,27,79.25091049008664
CUS_B_94,48099.609649985054,48,76.91982550629709
CUS_A_199,3285.5445532540652,1,24.662954159365448
CUS_B_222,55345.0564848055,30,67.84523139618526
CUS_A_577,6156.29779083045,3,11.257340133809096
CUS_B_460,36223.82499245762,25,82.94095872167769
CUS_C_124,435368.73264238687,13,29.81512135611362
CUS_B_76,54982.21748496785,44,74.90153802376965
CUS_A_222,6029.390285561771,4,20.442034431459238
CUS_A_330,4981.629840729628,1,21.49376454182843
CUS_B_104,34018.75648116252,36,77.70041984479715
CUS_B_482,58584.511166566655,49,89.36158967357284
CUS_A_602,6304.40888015849,3,17.63080326464542
CUS_B_154,51058.944531152345,44,78.50483073470411
CUS_A_297,5460.949281314914,4,20.30839924923986
CUS_A_282,7379.025224218029,3,12.187270715567287
CUS_C_142,528687.2210502207,12,44.14072326682245
CUS_B_464,34140.16687762042,34,89.49387696141865
CUS_A_469,4136.27263903298,1,26.86829272581479
CUS_A_478,9618.321212682857,1,18.769687559350256
CUS_A_385,5225.590679714312,2,18.165877940926563
CUS_B_102,45707.55579701338,48,63.32709648401129
OUTLIER_9,171034.0,86,77.0
CUS_C_57,482954.60613269603,7,37.42131844091112
CUS_C_151,442949.57451236306,13,49.77721020816287
CUS_A_387,7814.256258823829,5,15.387949077507487
CUS_A_358,5484.077840507134,3,14.688032359265602
CUS_C_112,534103.4745031316,9,59.9558151400203
CUS_A_351,7213.034325424328,1,22.117995327967307
CUS_B_118,40435.63623181991,31,74.15234979427622
CUS_A_179,9080.253749884429,3,22.94289202210305
CUS_A_710,5316.526200803928,1,19.8673937037547
CUS_A_755,8948.573097256087,3,17.95358780943448
CUS_A_95,2804.727577801822,3,17.560442959271487
CUS_C_59,503857.8248108858,15,55.904220612514635
CUS_B_447,40813.13488513906,48,100.0
CUS_A_332,5113.70683729059,1,17.868212018972283
CUS_B_24,44558.859978858076,44,83.15037838573001
CUS_A_393,7747.188148781531,3,17.841898436409757
CUS_A_657,4963.812369334995,1,18.28403862251295
CUS_B_409,58132.05186747977,35,90.23092650650715
CUS_B_416,46686.916168166776,40,89.46794933511943
CUS_C_175,489067.3361282482,8,38.2776624656336
CUS_A_116,4947.932345442135,1,25.928520773314986
CUS_B_370,44199.46758629957,39,70.76509865413612
CUS_B_354,67495.8390420542,36,79.11467705154136
CUS_B_325,65379.31918412553,41,93.24325690470636
CUS_A_539,4134.6621957152765,2,22.209703247847045
CUS_C_31,523758.3873247691,8,54.57805609925785
CUS_B_54,51647.60841236517,46,75.13699791459345
CUS_A_54,6546.499283743927,5,20.802869905249324
CUS_A_259,6161.951080144005,4,22.34387128037512
CUS_B_29,44867.86433528415,39,68.7584812255714
CUS_A_779,5931.008146326017,3,17.08620671194209
CUS_A_752,3536.190120534001,4,19.87212843904003
CUS_A_341,5365.530817237868,2,26.405081808675565
CUS_C_87,559527.4297171799,14,46.849132688058916
CUS_A_278,5104.703127485029,1,23.684219485462165
CUS_A_281,5993.19601178157,5,22.579696088520496
CUS_C_111,373387.6957390157,11,48.93662997468685
CUS_A_668,1023.5452874104822,3,17.02169352978254
CUS_A_472,2727.2134067021716,3,28.061391289943227
CUS_A_516,5751.375781436571,1,16.457966165447687
CUS_B_277,61126.88374989925,40,93.62011726503684
CUS_B_441,56068.50593215671,42,81.51583856976865
CUS_A_741,3080.6345498964474,5,26.19473176469719
CUS_B_423,36775.4204325643,39,75.80441490989878
CUS_B_51,65490.20151495187,42,71.22157977893724
CUS_A_556,4268.59066389126,2,17.256375461295193
CUS_A_84,3787.2595956602186,2,19.135269700382885
CUS_B_472,53278.211728430855,27,72.9734153825621
CUS_A_575,1683.2970364881721,5,24.05404136579891
CUS_A_50,5486.125954092193,5,16.9329866822953
CUS_A_788,4894.75143281203,1,16.91174052282825
CUS_A_384,3861.301007669453,2,18.80533950415153
CUS_B_372,54996.85110302934,25,76.88061034752444
CUS_A_115,5452.321013500418,3,22.68326376263643
CUS_C_63,393563.2952792594,6,58.72315380028451
CUS_A_346,2827.8734877540137,3,16.78225083841269
CUS_A_380,3740.4172367288356,5,15.003488838525445
CUS_A_271,2846.206773230841,1,15.984105246598276
CUS_A_298,6219.29317825844,1,22.144082501652864
CUS_B_152,45929.636870732196,49,80.6816755970712
CUS_C_46,535303.9456907565,11,51.49363482271189
CUS_A_771,4156.299836158599,1,24.37194590356364
CUS_B_183,49184.77326898354,39,73.22947218027412
CUS_B_282,38834.75560051341,23,86.20124395227826
CUS_A_424,5968.063924377721,3,25.53540334643486
CUS_A_225,6633.42589545105,4,19.03170270360141
CUS_C_15,499984.31636941124,13,50.469349020603694
CUS_A_645,4590.914645378494,4,22.483496116182607
CUS_A_224,4292.10220131585,3,14.291554429332475
OUTLIER_5,402705.0,65,61.0
CUS_A_144,5389.824191372635,1,21.537033489045506
CUS_A_518,5148.998458143838,5,10.984301618720275
CUS_A_740,2238.688653002532,4,29.002555907554267
CUS_A_532,4900.880302029025,5,18.944348805861527
CUS_A_776,3909.2942362626973,3,21.952324249644448
CUS_B_345,39803.356613078846,23,77.85887127280965
CUS_A_378,8284.704399826509,4,26.484972732805545
CUS_C_185,569317.4698631421,9,47.59334825469787
CUS_B_162,48108.79609222966,49,87.45753251408308
CUS_A_257,3938.495801571829,5,17.714518717068643
CUS_A_641,7503.532287934089,5,18.569978890599447
CUS_C_54,533946.5645029639,5,53.73348559711398
CUS_B_358,44970.25229448657,37,56.744094245426865
CUS_B_498,60964.692338108835,37,90.2157230887055
CUS_A_157,5710.749381367681,4,13.515840260220767
CUS_A_143,5276.950787798456,5,18.615933500555396
CUS_A_17,5471.37099889291,1,16.221274202535778
CUS_A_498,3686.5726199228643,5,20.412198764672517
CUS_A_208,5772.571529459072,2,27.710549762839378
CUS_B_63,33568.11188845833,30,78.15580299855799
CUS_A_124,5880.285640700406,2,26.640970709245288
CUS_A_737,6474.03647591827,1,13.455898004404439
CUS_B_92,70236.06219229639,38,75.79001714786062
CUS_A_43,4548.344456616067,2,22.999643649981024
CUS_C_60,470309.42959656473,15,48.57853463059454
CUS_A_113,8694.86316872793,5,16.71552860514302
CUS_C_188,481934.47190163546,9,48.356647941146086
CUS_A_614,8668.627969425239,5,23.484772022553678
CUS_A_534,4022.245838296761,2,19.343715164538477
CUS_A_643,2745.2855703228406,3,29.791737271102967
CUS_A_413,6916.515232847763,1,20.89790890969799
CUS_A_606,3839.3162013446404,4,17.818070547367157
CUS_B_202,44024.89805308358,43,82.062020321142
CUS_B_48,46459.59289058976,33,91.8154754089462
CUS_A_635,2517.714992201346,2,23.73955128058767
CUS_A_265,3128.3252270527255,1,18.98163124911517
CUS_A_704,2665.0562397141443,1,24.002047626138413
CUS_C_85,463586.38987966935,13,60.57368305378225
CUS_C_182,548890.77748431,12,55.861658003927836
CUS_A_241,4827.895337799651,5,27.716217641360945
CUS_A_732,5612.379133571708,5,23.17709015104613
CUS_A_371,5746.997436868174,4,26.5879876780398
CUS_B_276,34776.40813782109,24,69.84535602762641
CUS_B_479,45918.991608397795,33,85.76908290036465
CUS_C_0,439648.9176071392,6,36.50423788448468
CUS_B_120,64841.16028535965,48,85.48406191032163
CUS_A_235,5950.878533477016,2,22.91048851734308
CUS_A_418,6768.945776095739,4,22.049093284642563
CUS_A_686,4639.511902762797,3,23.279503882648804
CUS_B_77,61401.490385212666,23,83.66709362841188
CUS_B_251,50497.736871809604,40,63.600469771380176
CUS_C_132,512628.4422998312,7,42.853193230095684
CUS_B_20,40993.79265352131,41,94.66045634783362
CUS_A_446,5549.897369145272,4,19.902901970561338
CUS_A_519,6127.080685057684,1,12.079320284972551
CUS_A_739,6521.555097527195,1,20.919247723768475
CUS_B_123,49992.914054233544,41,85.34923843806325
CUS_A_661,4179.711588139412,4,19.853685931575107
CUS_A_531,2507.71990659656,1,16.4042334037879
CUS_B_165,65111.549302473475,40,71.14965190070693
CUS_A_234,8215.916133987988,2,26.105168477626766
CUS_A_628,5083.587368433042,4,10.994711329236305
CUS_A_580,5507.744611241621,1,25.162731021708286
CUS_A_730,5293.767882646523,5,18.677425793446947
CUS_A_198,5087.3130776689995,2,21.12342362875943
CUS_A_65,7034.360042856235,5,10.9900978120999
CUS_A_707,7632.191272976546,4,23.541519236005318
CUS_B_422,36489.25633791979,38,66.74701433857781
CUS_B_228,56659.24252054461,46,76.70858714307198
CUS_A_487,3377.6779945784074,4,20.973037276186215
CUS_A_512,4641.5779297003855,2,25.38003569299299
CUS_C_126,469632.2783393894,15,57.931756882186775
CUS_A_390,3652.377992977463,3,26.085792604127484
CUS_A_389,4134.644516506395,3,18.3883976539433
CUS_A_353,4760.09220505486,2,14.662335428728635
CUS_A_517,3533.6671328021735,2,12.431428036935865
CUS_C_128,521292.18293149146,13,45.42151613817511
CUS_A_49,2355.439766955899,3,18.314570144409803
CUS_B_306,35034.70744909921,24,74.3448594561012
CUS_A_32,4979.754162893099,3,16.952438989203586
CUS_A_379,3787.552571967273,5,19.88565968850559
CUS_B_190,56793.73282956504,27,66.76090051017363
CUS_A_563,4510.964701748238,1,22.135971809358423
CUS_A_621,5707.202535703994,3,14.366162655450974
CUS_A_7,6151.152093729363,5,24.19245387225821
CUS_A_604,5620.152354835551,2,22.7314212400185
CUS_A_747,3866.925601470016,4,22.527350795833133
CUS_B_207,41917.342783590735,44,73.11691991376398
CUS_C_48,448681.5396167054,9,50.07178466907942
CUS_A_642,4610.612972954593,4,25.504798174992857
CUS_C_183,394717.65290798375,7,45.875861817835194
CUS_A_106,7829.278851815796,3,30.066936237633115
CUS_B_391,64532.606633210344,27,90.64459923231232
CUS_B_11,39281.427669598444,33,65.79002933226839
CUS_A_781,2996.983461934848,4,19.32860418906848
CUS_B_255,54209.7294438939,49,89.57797538916182
CUS_A_45,3920.233687407937,4,26.093809258486584
CUS_B_93,50067.99844559998,31,91.10670222566759
CUS_B_305,40704.891398075895,46,84.63885828236106
CUS_A_284,8199.5500619844,4,23.971323398109135
CUS_B_98,27881.38088670493,28,86.1456577330539
CUS_A_734,6543.733455988466,4,20.299663151331643
CUS_A_262,500.0,5,23.830401391923452
CUS_A_493,3708.0736980076044,2,16.53789510063072
CUS_A_2,5971.5328071510385,2,14.483166969130632
CUS_B_443,38691.115646740844,36,69.96061865598166
CUS_B_492,52806.36404490136,23,77.3590392482684
CUS_C_195,420120.0415202284,13,51.59462506804129
CUS_B_35,57846.04287898024,32,77.06794383705558
CUS_B_145,57906.25599162769,31,76.86023115151302
CUS_A_173,5511.727962224966,5,23.36590675634979
CUS_B_314,42782.624466627465,29,83.6048273029003
CUS_B_470,23642.522609831223,44,85.32333458953423
CUS_A_245,4498.248146238578,3,11.157803172185742
CUS_A_159,5984.830412950745,3,16.743215531040853
CUS_B_293,52602.80506582886,39,89.75176631834931
CUS_B_350,48685.27404328332,41,83.45810360507325
CUS_A_233,4022.5994785912744,2,29.27046283167094
CUS_B_218,69956.67489783964,25,69.702691451326
CUS_C_20,481926.86166530073,10,34.571984847903536
CUS_A_408,5180.443447567848,4,20.63189789773206
CUS_B_221,48168.03381279612,27,88.30703080815454
CUS_A_649,6044.309547220128,5,12.485148358024233
CUS_A_449,3411.1797171665726,3,11.91844695781706
CUS_B_128,45299.57852240498,44,78.44242163106655
CUS_B_189,39141.748711148146,47,82.30978930260018
CUS_B_80,41891.42488789662,45,79.75152853703278
CUS_A_618,5721.51384760507,2,19.463489279978855
CUS_B_129,52658.78229652048,27,79.48649458313201
CUS_A_197,5230.587658918292,3,18.001819071926988
CUS_A_591,4283.513829852325,1,18.95389063127736
CUS_A_608,2331.919626643582,5,19.558185203973323
CUS_A_522,4006.06436158123,4,12.094046489839332
CUS_C_27,454796.58551319997,15,52.66818396295402
CUS_A_731,3532.440833577452,4,9.980688177966233
CUS_A_786,6250.883231823356,4,20.443287954807186
OUTLIER_0,743764.0,92,40.0
CUS_A_52,3984.616999541062,4,18.059115907293858
CUS_A_611,4916.622993634317,4,27.993235852523583
CUS_B_149,57307.64119066524,37,78.47597515201751
CUS_B_454,42904.20145250828,31,81.83197113967472
CUS_B_357,56897.07805245194,33,77.04634239642043
CUS_B_278,43707.36606307211,48,81.61863037138242
CUS_B_240,39082.99123860686,22,80.47187377271678
CUS_A_1,4792.603548243223,3,22.539956634562717
CUS_A_673,4442.8387010063125,2,21.1161945706458
CUS_A_161,6180.626905613678,1,22.931820093775467
CUS_A_481,3566.6893390993614,5,19.120570937838316
CUS_A_780,5266.551501399881,5,7.805914208617855
CUS_C_45,589818.0411463482,11,41.743463171978576
CUS_A_209,10779.09723598208,4,30.030464440795615
CUS_A_296,6349.399813149876,4,14.920890905108015
CUS_C_66,442333.37983971275,9,49.353113949674814
CUS_B_404,49861.62253905763,35,77.02144757649661
CUS_A_101,4369.032015851962,2,27.807555983634263
CUS_A_470,4587.422454272534,5,19.31275742686154
CUS_B_224,46793.32374442808,41,76.39072913272801
CUS_A_227,3383.382833106041,4,10.6673169146347
CUS_A_88,4205.359694349442,1,27.355851637468042
CUS_B_466,68709.65175371783,39,78.09511650950357
CUS_A_194,5259.771388776773,4,23.611906789138857
CUS_C_83,451773.11025449046,13,58.39468504518405
CUS_B_71,46822.84903243766,21,77.53753223088893
CUS_B_312,52072.67329398944,41,69.65486764993082
CUS_A_154,5439.608709948022,5,23.314406343337062
CUS_B_253,43396.78860526553,41,77.30996209055142
CUS_A_8,4295.788421097572,2,20.409146792737825
CUS_A_674,2888.732457923268,1,19.725529996918567
CUS_B_487,49497.953829582555,47,80.24025183331266
CUS_A_10,4304.873460781307,5,24.595382414938843
CUS_C_61,491718.4294841184,11,53.3868731792169
CUS_A_18,3637.963886718184,5,22.682549217852017
CUS_A_595,4234.975401717879,4,28.07791411774116
CUS_B_442,70565.43564829542,31,88.05955178556158
CUS_B_4,53267.4476460232,21,77.1229626203803
CUS_B_107,36368.259954071895,50,76.60610933281565
CUS_C_72,473706.0162052398,12,38.80453871616831
CUS_C_125,473391.57184364053,5,51.450637459593814
CUS_C_88,510628.70153161074,12,44.28253958043938
CUS_B_483,47653.79430042586,43,81.07437197798234
CUS_C_198,524809.9593681658,6,50.34713748752562
CUS_C_161,602648.6012250831,13,44.47079162632698
CUS_A_560,5434.66228534462,1,26.328539204323505
CUS_A_725,4724.024995470982,4,16.18637610716893
CUS_B_60,33990.960215234845,30,89.74367321844447
CUS_A_323,8138.580913528191,4,18.738232489368563
CUS_A_745,3911.384280269802,4,15.132269001477656
CUS_B_17,61254.34784414769,35,74.91553726876478
CUS_C_9,448712.36581798614,7,47.15844902071203
CUS_B_403,30803.268438023435,42,64.93479833553133
CUS_A_439,4916.6784516550715,5,25.42991058087516
CUS_C_24,556092.8928115235,7,47.640300127890285
CUS_C_22,497304.757549713,12,55.96441137581753
CUS_A_5,4648.794564576229,4,32.46499758716395
CUS_A_601,3616.752013733562,1,22.120305222320447
CUS_B_289,64484.99229892926,29,71.06250830634399
CUS_B_356,37077.37304894382,33,86.73586956361702
CUS_A_459,3203.183161116727,4,21.191844913673926
CUS_B_101,47333.47670765585,25,100.0
CUS_C_62,503928.8514859575,15,60.29457481598357
CUS_A_91,6452.967485799334,5,25.19952343698038
CUS_A_291,4260.498598011751,3,25.823696772285857
CUS_A_750,3615.1501308336437,2,21.962079835893835
CUS_C_11,553068.5482436566,9,58.94647187573872
CUS_A_587,3725.233445802812,3,23.898302661346698
CUS_A_482,2590.330519613641,4,20.61602403392243
CUS_C_174,477272.6140628278,9,39.57422305329423
CUS_B_300,47695.99285794233,21,73.08893631528187
CUS_B_273,54086.52811480671,22,80.14721304626751
CUS_A_167,7845.189473980921,2,33.008415570901974
CUS_A_20,7198.473153382331,1,20.140905786845643
CUS_B_362,42162.34334413603,20,70.10058689421942
CUS_B_342,61243.53359870503,38,87.61239816459235
CUS_A_25,5166.383884564799,3,24.088831496001436
CUS_A_184,4664.805822011223,5,25.983157433228257
CUS_B_134,46416.598479787775,49,92.62494446049747
CUS_A_218,4271.954678256345,2,19.149076887375358
CUS_A_748,4082.7232955120776,3,25.3010495374944
CUS_A_361,7299.108369503867,4,24.928649978399314
CUS_A_524,3855.111265186225,5,17.5846947415828
CUS_B_74,38885.42043062968,34,84.27853869076728
CUS_A_751,2972.4730915754994,3,17.455181871462507
CUS_A_615,5193.831772962842,4,18.33090255121995
CUS_C_32,499879.8079540573,5,45.03067974882022
CUS_B_390,47691.33626155231,31,73.7584069670603
CUS_A_394,6769.16018108193,3,22.018650451683047
CUS_A_795,6579.729279999356,1,23.006033744645574
CUS_B_220,56067.230591361826,21,75.33120538923197
CUS_B_169,53636.31882624968,46,71.54753885791797
CUS_B_365,41681.77791769555,30,82.50547579091985
CUS_A_78,5137.641164803254,5,25.982857508322457
CUS_B_229,54215.86610614456,39,89.23120587404598
CUS_A_126,3514.1955123039675,2,22.27943886040804
CUS_A_685,6069.4976452585815,2,5.298056826678598
CUS_A_89,5769.901149670034,2,18.95338161424067
CUS_A_409,5771.6582510881235,4,29.694644995291423
CUS_C_197,489327.1610324781,11,55.13614464231096
CUS_C_107,528488.0178599324,15,48.418461556276796
CUS_C_64,522908.40573943494,11,38.569806879262714
CUS_B_30,47714.00084659981,44,79.58076439538024
CUS_B_33,48089.72237399831,37,79.50396792507175
CUS_A_769,7718.672836995393,1,15.903710701392512
CUS_A_33,3413.433606566149,3,19.06514348507277
CUS_B_82,47659.80140893019,24,72.50794900168323
CUS_A_785,6621.171088331933,5,26.18065360903109
CUS_B_135,43524.58194364841,31,87.88359748492175
CUS_A_258,5665.729142219343,3,16.988939698191096
CUS_B_233,38998.45767028305,50,83.59374977028027
CUS_B_301,40757.66855731695,42,90.235719453262
CUS_A_420,8091.121887322981,2,23.362868506013655
CUS_B_414,55706.12997219531,35,87.2031887071605
CUS_B_291,36739.52313917962,30,82.47999186532444
CUS_B_322,58113.96554491592,37,78.44584694417185
CUS_A_774,5932.714943325795,4,24.25448981083986
CUS_A_572,5490.391060646244,3,21.443468146399287
CUS_C_69,432227.62484438554,11,48.4975701120174
CUS_B_43,57181.85725707935,48,93.0076713228965
CUS_A_496,3444.1307685103156,4,12.476398129844988
CUS_C_75,506553.25931079243,7,62.29214784297051
CUS_A_388,6425.635757279075,1,28.07687844734721
CUS_A_75,6232.853756562836,4,22.896457498005443
CUS_B_378,58691.560643892735,32,69.46294464042732
CUS_A_169,3869.3957534637657,3,11.196186204220911
CUS_A_466,5921.250050065138,2,16.72962158436288
CUS_C_43,492551.53451163514,7,55.50797572273663
CUS_C_120,472494.2358531731,12,38.003024716346914
CUS_A_700,4215.915469221441,4,23.625478934239986
CUS_A_204,2933.4959480643633,5,17.240709270537767
CUS_C_93,503907.1531484824,10,64.52616745486179
CUS_A_744,5776.488530703685,2,24.035612983186553
CUS_B_195,43224.353476643446,25,99.29341340462737
CUS_B_79,39849.05808172131,28,75.3230581547424
CUS_B_75,52465.04778432005,35,89.8318440199125
CUS_A_419,5101.277722115164,2,18.793711726907286
CUS_A_9,5813.840065378947,3,19.505551734044285
CUS_B_272,32237.6476710168,45,94.03946457317794
CUS_C_138,526112.531800889,14,28.22934953557145
CUS_A_320,5145.493947489077,4,20.613351579973976
CUS_B_248,58903.83163519786,39,75.30774984348852
CUS_A_688,6066.439952305237,4,19.90645621777051
CUS_A_720,5461.702653338089,2,20.006027376811122
CUS_B_112,43585.1309095569,29,76.67044476091797
CUS_B_491,59968.58773465808,32,92.027358627432
CUS_B_213,34969.196982401816,50,67.62156808849308
CUS_C_13,518083.05306235084,10,53.514799003522015
CUS_C_105,479780.12884080195,10,28.674043738451637
CUS_B_400,46128.693502104856,36,67.71967801974112
CUS_A_295,3960.6356071090186,4,25.743186747143575
CUS_A_520,2495.8920783179424,3,21.335633255057417
CUS_B_444,54736.32076811454,36,81.47768379824866
CUS_B_132,70997.21789166515,21,79.07016765502433
CUS_A_311,6648.165277980785,5,30.287477348558493
CUS_C_186,484890.97065086896,15,50.07880184694728
CUS_A_480,4808.123612778851,5,30.85471358748907
CUS_A_14,2412.623251230451,1,16.659547731784755
CUS_A_304,4968.647609053778,3,14.639304940071966
CUS_C_179,446969.74668016995,14,41.14751313875777
CUS_A_593,5500.493157930422,1,15.970649667519055
CUS_B_106,70243.09623286853,42,79.63590203759006
CUS_A_538,6509.439213821661,2,20.84327335983364
CUS_B_324,58187.77643754861,42,88.3896570113325
CUS_A_701,6573.513838755334,2,22.58089143557479
CUS_B_148,37888.280707192185,42,85.12383836160659
CUS_B_210,54183.98220888684,46,84.45242499627007
CUS_A_66,4891.984817629499,5,22.70731364102394
CUS_B_341,49378.08983000689,41,83.544017043579
CUS_B_353,33934.22899261321,34,74.30260908659164
CUS_B_69,43836.38591960522,50,85.45087608354359
CUS_A_599,5565.950739567278,2,21.400805794098034
CUS_C_92,459189.13777290174,9,60.651719657143865
CUS_A_684,3166.8082866620816,4,22.967783611404307
CUS_A_46,4309.041843560319,5,18.93278564534896
CUS_C_108,509774.08657766454,6,82.43092969594733
CUS_B_455,37414.950893246656,45,65.1367883888137
CUS_B_355,63814.540786904865,48,72.82686218147833
CUS_C_189,496790.791935559,14,52.12093353074175
CUS_A_103,3796.5840961675717,2,16.232910648269083
CUS_A_192,5321.1406161953055,1,15.5625391109895
CUS_B_245,49284.00748141933,32,78.34710976243163
CUS_A_654,8860.039704874791,4,21.54025269752051
CUS_A_596,4595.187597059943,2,13.82825564060039
CUS_B_167,49879.11052153946,33,75.1312822140824
CUS_B_226,52300.70759191402,25,89.60209399791063
CUS_B_270,46307.22860753797,34,67.88423752655386
CUS_A_109,4888.331126350749,5,20.923401529324543
CUS_A_548,5556.718810056963,1,16.93781312679781
CUS_B_142,31334.600486393836,45,75.16815499224616
CUS_C_137,567311.2878101374,5,48.184968378643326
CUS_B_237,66744.92433347537,22,74.73401270132922
CUS_A_153,5348.380545741506,5,23.674388930249087
CUS_C_136,523327.26557250635,13,40.04851518146621
CUS_B_351,58260.47171441506,41,83.76035349894562
CUS_B_258,28466.570801287555,35,77.69161043299437
CUS_A_451,6432.713480751858,1,14.660985392104035
CUS_A_375,3848.9786556679255,3,19.409657365044605
CUS_C_18,604302.3524768557,15,41.65676954508418
CUS_A_398,4828.190232121073,4,14.104801044200988
CUS_A_592,5718.469738619588,1,11.582809038895249
CUS_B_488,76207.93091029975,36,62.78093164312656
CUS_A_600,6135.482924968028,2,15.95198240039177
CUS_B_269,52612.50531233856,42,75.76534310041303
CUS_A_277,4099.674684261808,4,24.42022698180525
CUS_A_51,4422.376579375526,2,18.487651567559357
CUS_B_478,41046.53677636976,30,87.05126023138857
CUS_A_694,5889.651886952575,2,15.141716327293569
CUS_A_11,4301.405369644614,3,18.548627279056742
CUS_C_12,526600.3099410972,14,36.27140548518936
CUS_A_55,6396.920178674298,1,20.015230100767074
CUS_A_749,2890.0083547276668,5,33.79830019455539
CUS_C_82,486009.4828811497,15,55.33359244705449
CUS_C_149,579431.3464021798,14,70.42076040143743
CUS_B_396,69925.15353168118,48,76.72250725896401
CUS_A_344,4293.442541572516,4,22.423664086472375
CUS_A_723,6114.896141034073,1,24.68785068813279
CUS_C_165,441417.2826341219,13,42.40296882519713
CUS_B_6,56222.07144043402,32,81.47067613058003
CUS_A_44,2782.217014448859,1,27.65375416171849
CUS_A_525,2292.6768490032214,4,20.733965059927748
CUS_A_326,6737.166310250102,2,24.415548885735795
CUS_B_367,42842.400108892485,31,83.64723356136562
CUS_B_143,60075.13689836922,21,78.16361075711723
CUS_A_30,4097.440081655905,5,14.674431684623137
CUS_B_65,66614.70165728018,49,81.55286104762686
CUS_B_461,44352.259958290575,43,81.18471535838621
CUS_A_3,7284.544784612038,1,9.235547035237586
CUS_A_236,1962.2861200135894,2,18.86757950575084
CUS_B_68,37398.352348274195,47,71.18166280130862
CUS_B_397,42333.43412216652,27,85.6985772766413
CUS_A_570,5027.627568784327,5,26.962326500321645
CUS_A_763,4855.910150413025,4,20.775953419294897
CUS_B_191,38512.05964841344,20,72.3196296377643
CUS_B_371,52394.04500535377,49,65.98536954598625
CUS_B_349,46304.730711666416,31,75.1774347537283
CUS_A_718,4454.581681679216,2,10.531926665231072
CUS_B_448,45826.331863949155,38,66.65120592897443
CUS_A_166,6233.090239991735,5,21.203765897442842
CUS_B_453,50549.34110999849,26,74.13475042312002
CUS_B_161,36696.863742610105,20,93.97890558332446
CUS_A_576,5353.4218371628485,1,23.967443602761065
CUS_A_766,4947.517264254558,5,16.709417554623716
CUS_A_392,3019.650189469037,2,24.9915544907398
CUS_B_41,61143.21694668872,46,77.60129442980096
CUS_C_144,435584.6191268231,6,62.528426344274834
CUS_B_338,34688.92497444278,28,66.1503895724406
CUS_A_475,4626.445940665432,1,23.71063745535946
CUS_A_187,4890.756631014691,2,20.073440973645987
CUS_A_603,7033.456788207426,5,19.927738645608603
CUS_B_176,62357.82191822154,34,64.70196019664178
CUS_A_112,5090.345314911539,4,26.00206953972213
CUS_A_529,3643.525062343387,2,15.544038872923563
CUS_B_116,57197.579421481816,49,75.71731930387021
CUS_A_484,3865.4738820735447,1,20.218012231862268
CUS_C_154,480615.00417957193,14,41.8698562773987
CUS_A_607,3133.017945032874,5,19.451950980370846
CUS_A_557,4351.162718270569,2,20.464224505705573
CUS_C_28,422551.97374732624,5,46.60877720729961
CUS_C_119,458396.9347575072,8,60.6977145498385
CUS_C_115,602343.1097859779,12,32.13624534645314
CUS_B_153,56863.184569567005,25,56.070912232794214
CUS_A_325,3178.717080818402,2,12.184045956516716
CUS_B_437,46864.70313827602,39,63.79353701510898
CUS_B_211,64015.985929464296,43,69.31614744720088
CUS_A_411,3313.036862243196,1,16.611275147375743
CUS_B_415,59681.84660532861,46,83.60980255454807
CUS_B_476,40745.75373940413,42,78.27465889961894
CUS_A_550,5129.88468120935,3,14.281368963396691
CUS_A_605,7815.193718837099,2,20.032111349054688
CUS_C_150,534770.1237275149,10,52.77358461964676
CUS_A_93,4508.506780103347,1,29.130048567734683
CUS_B_473,59242.701395378295,27,76.97593680785427
CUS_A_507,3704.013845480276,3,23.356700382252328
CUS_A_68,5542.454037571451,3,17.1174479963664
CUS_B_172,23957.861433728656,41,82.82003974685503
CUS_C_135,555066.1478867881,7,51.6805980596682
CUS_B_26,50409.19175395721,23,77.76893284679394
CUS_A_505,4269.311924352956,1,20.575130395737087
CUS_C_156,476117.7208697997,13,52.25761523111754
CUS_B_320,37004.18763072402,30,83.11182983481747
CUS_A_313,6220.264454000958,1,16.35998529385433
CUS_B_110,54258.87206193036,45,67.86261042662656
CUS_A_231,5324.687884372962,3,23.154058422773886
CUS_B_379,58872.90837266742,32,86.2082233107478
CUS_A_171,3776.2845725518428,5,21.90579192441389
CUS_B_394,43941.391792411065,39,87.14363096087015
CUS_A_454,4204.613572441339,3,19.477753907312643
CUS_C_47,487865.93615939835,10,53.641402960546614
CUS_A_448,4229.199623994959,1,23.99970950971025
CUS_A_447,3590.1803205089673,2,18.484101085828623
CUS_A_263,3463.418537998565,3,26.13466611942154
CUS_B_180,32214.124159934832,42,87.29090177739778
CUS_A_168,4631.917825995694,4,22.82754822815772
CUS_A_798,5042.477564195692,2,17.247315752542082
CUS_A_784,5839.68567189656,1,24.826987422955852
CUS_A_96,5444.180415596864,4,30.786541066327516
CUS_A_118,6714.234221772531,3,24.980238429029082
CUS_A_76,5130.570602357257,3,20.597901842070765
CUS_A_429,2361.8907703653285,5,19.547333588479198
CUS_A_533,3183.475700356315,5,15.06410236424408
CUS_C_187,369843.14560863504,7,46.743889478514966
CUS_A_428,6587.636730274382,3,17.323359070230385
CUS_C_33,470536.4174105347,9,48.17431025620459
CUS_B_205,59788.580507817955,35,78.757927609402
CUS_C_78,572546.3774139606,6,74.85189916678891
CUS_B_42,57153.81315441244,29,95.23309271658405
CUS_A_191,6284.598191485208,1,22.097662219535138
CUS_A_738,7498.2116666938655,3,4.902439220895873
CUS_C_50,451764.7287124643,12,51.6048962397348
CUS_B_52,37608.92924346099,49,75.28906538609043
CUS_B_428,48745.457399971,50,90.9642891519737
CUS_B_230,58389.40500469612,31,65.04206640243663
CUS_B_292,45865.34838876724,44,79.54729208880083
CUS_B_203,64223.69861698508,33,70.065915396147
CUS_B_13,58178.896580250286,44,73.33555154399393
CUS_A_342,5367.449856663085,2,20.339277552637018
CUS_B_1,48522.196811825284,48,73.21257092647349
CUS_A_574,6244.1083717752335,2,19.32845629264726
CUS_A_270,7161.909933599173,3,24.567923131166246
CUS_A_324,3490.973927750447,1,18.54094365542228
CUS_A_594,6556.309916386848,3,24.824258165487286
CUS_C_81,448798.570455681,10,48.482855664227706
CUS_A_680,6082.508096064853,1,19.01330789846337
CUS_B_131,49338.67385374178,46,82.01792317141341
CUS_C_114,488876.25516108674,5,33.61970942563983
CUS_B_242,56955.377575657774,34,77.25960639313789
CUS_A_425,7052.947336298523,2,19.398094180232007
CUS_B_467,53896.14177370904,22,80.36802197802619
CUS_B_297,49513.47648429549,43,86.07769836387335
CUS_A_753,6580.462694911759,5,11.15462047555441
CUS_C_79,590359.8321818942,8,52.6477531097798
CUS_B_346,49764.47849125762,20,86.77416620173194
CUS_A_148,5782.912348425347,3,19.164391431067944
CUS_A_715,6654.952823024782,2,19.27740664642241
CUS_A_444,3043.2957492427204,5,18.88267008814074
CUS_A_703,2887.3080554546605,5,22.159612723369705
CUS_B_261,41372.242359568794,41,73.14582324938566
CUS_B_97,63728.4847467653,47,62.9554681615424
CUS_A_283,3143.2767517597267,2,17.354736613268525
CUS_B_465,31200.75614860955,24,91.49068324564783
CUS_B_424,54818.66061718491,24,74.11757231454438
CUS_C_55,493150.2255278771,10,53.123782104665715
CUS_A_333,3984.2574327318325,5,25.742228545983775
CUS_C_171,433163.72805620346,8,49.13930307209107
CUS_B_411,47202.39831504165,46,74.58403889233175
CUS_C_199,473234.164371617,10,30.314957865619462
OUTLIER_8,766144.0,77,69.0
CUS_B_186,43242.91920838388,39,82.11216065066937
CUS_A_318,5486.249528732663,1,17.58628238908984
CUS_B_374,50759.55267916087,47,79.22701063988089
CUS_C_34,445391.8183640955,14,40.10042207447986
CUS_B_72,62816.43795003769,48,73.29131361242216
CUS_A_676,3334.136231801257,2,22.605612141896692
CUS_A_373,6438.90623912781,1,25.699392805645225
CUS_A_597,3531.854426326539,3,17.037678704235528
CUS_C_190,449470.0890035543,8,40.06641300418049
CUS_A_21,4661.335549270197,5,19.95440501677898
CUS_A_530,5957.888688166061,5,9.240922993353475
CUS_A_655,5088.827651021732,2,18.041757162891045
CUS_A_457,3447.136516370939,1,25.809391513040953
CUS_B_373,54720.022709192745,22,81.26442791936105
CUS_B_5,53004.74359610828,28,82.40885871353393
CUS_B_317,47283.448896739465,44,77.73488882604987
CUS_A_200,5536.681040522425,2,12.908171335334842
OUTLIER_7,429699.0,83,57.0
CUS_A_226,5096.420028643194,5,16.415888396985977
CUS_B_27,39978.12544218527,34,86.76126376947457
CUS_B_426,55488.83835317365,36,71.59887408318284
CUS_A_712,4182.621369786575,5,19.18466518028118
CUS_B_256,54920.188479927994,50,69.02661042215627
CUS_B_316,44533.199154127346,25,70.70572924870109
CUS_A_430,3225.1122310013375,2,21.659901652845072
CUS_A_536,3709.3799520740713,2,18.875720090959607
CUS_C_56,474030.18140869366,11,61.92735165416414
CUS_B_177,39289.46320350951,34,79.45092763131625
CUS_B_168,37476.06555586881,32,75.76817833548787
CUS_A_632,4762.988152131516,5,19.159280907076052
CUS_A_456,4839.454460068163,5,20.350260815565907
CUS_C_76,496127.8269637003,14,56.03094684948834
CUS_A_36,5313.295392507133,1,19.647506109704544
CUS_A_156,7798.661766717135,3,20.905107793518535
CUS_A_416,7326.727963283784,5,23.17360734280885
CUS_A_237,5279.681472154141,5,15.202803816382602
CUS_A_310,4673.478195159169,3,23.095771305025988
CUS_A_16,3480.7533194983644,5,19.125201216522957
CUS_A_437,2929.847812677663,4,23.076837420065267
CUS_B_239,56687.41655592513,46,72.14164772596257
CUS_A_365,4398.169292171246,1,21.628981582910832
CUS_C_116,466253.2990604724,7,43.779651944456184
CUS_B_337,49565.23050186138,44,79.69943484016414
CUS_A_369,3840.4853242168,2,18.522992949304854
CUS_A_229,6019.396623402014,3,19.39126245808358
CUS_B_204,67388.9966379758,37,82.67341133795918
CUS_A_526,2558.686343175256,2,28.061103141277123
CUS_A_131,5102.844462209041,3,21.342961394316283
CUS_A_376,6308.480955081017,2,9.390725504957027
CUS_B_310,40781.40186874687,37,74.16318024154073
CUS_A_193,3131.3918319320182,2,17.812708498382946
CUS_B_462,60213.83295429398,29,72.95145330670967
CUS_B_359,52634.87215331059,39,77.00142354702555
CUS_A_312,6238.124523482045,1,20.10396853837704
CUS_A_81,5535.668857267619,5,15.33366020463402
CUS_B_267,36340.44288799466,36,77.3371167649399
CUS_C_25,616002.036100863,6,57.44185710315035
CUS_B_343,46659.2276902006,20,71.83070033951759
CUS_B_113,54878.72284871074,24,70.95944528767714
CUS_A_756,5739.976851321334,2,17.379558010327038
CUS_B_111,50191.47777415752,23,86.00463334017412
CUS_B_58,47767.97745365195,45,71.16109765549984
CUS_A_659,4783.459382114086,5,18.15194831978183
CUS_A_370,5036.765261388414,4,20.84230488134807
CUS_A_566,1942.8131972332194,1,14.0318158412176
CUS_A_338,5619.397181413437,2,29.366488881087726
CUS_A_555,4382.184550816299,4,10.590754772511804
CUS_A_77,4551.488974301199,4,15.134655295592221
CUS_A_541,3305.439718013573,1,27.05466189873135
CUS_A_442,1898.836849940185,1,21.836436567006704
CUS_B_40,38191.871846911556,48,78.05292816499986
CUS_A_141,6960.714131423642,4,14.483958171391585
CUS_A_646,954.6700355876424,2,17.673447716099734
CUS_B_433,41485.93565739686,50,89.99695124237333
CUS_A_794,3378.4151893876065,4,20.002639794282988
CUS_B_14,53764.09526097517,27,87.3231222044813
CUS_B_137,48187.75826781897,31,76.35568379180903
CUS_B_151,40460.60580603355,36,70.81846888147466
CUS_A_551,4766.484146911881,5,20.542798528882617
CUS_B_387,36189.55396846225,45,84.17714036747148
CUS_B_159,51043.55937523213,49,92.16804981727503
CUS_C_164,500940.95248702995,13,42.17996507488963
CUS_A_792,5407.368255793061,2,19.302768621595003
CUS_A_34,6233.817368154783,4,20.283249624485535
CUS_B_217,52502.00206251694,32,90.60637318033753
CUS_A_586,4310.958650689634,5,18.459828579071292
CUS_B_393,56929.18623031611,41,87.14958151511289
CUS_C_23,450884.82098113425,10,43.65714152310597
CUS_B_275,36473.29714156465,35,85.54178204093488
CUS_B_405,43102.72225935826,33,83.49850549631168
CUS_B_364,40838.08084518758,46,90.62912662598585
CUS_A_110,2121.8431770514376,1,13.264368552351517
CUS_A_334,6462.679600126627,1,20.56635205268882
CUS_B_37,47371.09170791732,41,72.60427209496356
CUS_A_698,6386.040528810352,1,24.765625226880434
CUS_B_236,54577.72866151886,29,60.093381172696084
CUS_C_38,579491.9489090343,12,52.586611478553884
CUS_A_640,4496.322951064808,3,7.348562386268352
CUS_C_168,507834.68641232623,5,31.6885512166165
CUS_A_372,7176.715411692563,5,14.967287173601793
CUS_A_610,5981.548484531087,1,18.706019686664487
CUS_B_407,64436.32003468814,30,83.40355891347338
CUS_B_250,55006.6572138121,46,85.71687832509295
CUS_B_497,62235.688824186276,50,60.09753074771936
CUS_A_360,5779.019771361758,4,19.064278674977256
CUS_A_553,5381.6312649518195,1,18.959415713637302
CUS_B_477,52553.83755674317,27,73.0163112763704
CUS_B_280,44641.98536947702,38,74.13573603580808
CUS_A_242,5757.4809184706855,1,17.55575289106863
CUS_A_767,7656.200953453264,5,18.481369856116675
CUS_B_425,55472.64797377967,29,85.77183459005875
CUS_C_14,588059.4062433688,12,30.217747506251897
CUS_A_461,5052.895327957593,3,22.505470849699226
CUS_A_709,7544.684552435057,2,25.350751191582138
CUS_A_759,6050.4648191134875,1,25.605153336622358
CUS_A_620,3814.2883168320323,3,12.145619239657503
CUS_B_279,65337.27709916499,29,93.05485519271286
CUS_A_765,3945.235362311169,4,15.664348921445498
CUS_A_672,4485.968608879477,1,25.28028404533026
CUS_A_415,3877.2701951651698,2,22.445935650738317
CUS_A_405,5934.274898521248,4,17.62548171688738
CUS_A_356,4972.230296011415,4,19.601793043771423
CUS_C_68,410305.37510660547,11,50.73196991001694
CUS_A_367,5018.888601172693,2,18.23416853594656
CUS_A_275,5693.1552113949065,4,16.263941604260882
OUTLIER_3,665829.0,97,73.0
CUS_C_95,506953.01993267087,5,41.630792962037205
CUS_A_322,3772.6689751497915,4,21.615396365580146
CUS_B_181,53196.518259189776,25,80.84603033017184
CUS_A_205,3593.262440127316,4,32.79099642834126
CUS_A_435,5111.142170629662,4,18.702266612080415
CUS_A_35,3168.7345250434664,5,22.648463771783653
CUS_A_220,8471.987850010264,5,23.481937237283578
CUS_A_247,4020.0061511394324,2,19.261987068506656
CUS_A_215,6138.453830739902,1,17.244071418357333
CUS_B_47,55918.14133741378,41,67.86685960463367
CUS_B_105,54621.726660819426,35,82.29863123522408
CUS_C_5,556865.7271182365,13,53.958197810959234
CUS_A_671,1889.9146513877758,4,35.688742668299966
CUS_A_695,4535.680341029015,1,13.101909176055347
CUS_A_117,3246.982943570702,3,23.594766553325336
CUS_C_1,446234.3803475381,14,45.847862320947286
CUS_A_223,2580.9261932155227,3,27.38765040527631
CUS_A_58,5496.895147105346,1,24.747770677206617
CUS_A_100,2876.9438869243786,3,26.50870644699399
CUS_A_122,7104.191466404149,3,18.38660080578932
CUS_A_762,8840.126807403192,4,18.36052641743541
CUS_A_337,4517.92123752051,2,16.65927957230503
CUS_A_243,6298.632791255182,5,14.401912833554944
CUS_A_650,7773.434142418018,4,21.268698307472867
CUS_A_513,3638.6545069376034,3,20.10655824335971
CUS_A_377,5275.013008607528,3,16.960890064527838
CUS_A_573,4671.349206786704,2,21.301609193856102
CUS_A_329,5942.51826389642,2,35.965537839224304
CUS_A_775,2644.6629201643154,4,19.313141058003016
CUS_A_477,5466.875231815304,4,11.990170940514158
CUS_A_777,4628.722046672743,5,19.48389123533752
CUS_B_474,39861.040477074625,31,81.85156738020459
CUS_A_86,6373.103176553112,2,13.140494285343218
CUS_A_175,6240.774873554035,1,13.878508818553172
CUS_B_484,50382.37994960028,47,80.6367828990083
CUS_C_77,440235.3118200378,11,41.49464721252956
CUS_A_406,3398.5693559261085,4,24.35648648728622
CUS_A_178,4603.014750143066,2,17.097382750976386
CUS_B_331,53405.89216400497,31,85.91722521379737
CUS_A_287,5882.475809726865,4,13.217090976882975
CUS_A_185,6071.0007411381375,5,16.95108547840309
CUS_A_463,5320.969866101333,3,25.005230462835705
CUS_B_257,44739.6515733242,47,74.32447198057963
CUS_A_127,4150.553405595842,1,30.82501172450542
CUS_A_714,4943.547946362727,1,16.62410862512809
CUS_A_302,6120.940407684893,5,15.862048896756402
CUS_C_178,502612.92452487414,8,53.16358321536145
CUS_B_232,44416.98246053969,48,81.52339111940046
CUS_A_321,5892.735538155371,1,28.123392292347802
CUS_C_140,613621.7360223441,5,64.28857707813567
CUS_C_99,496216.7197837085,14,63.52202678867144
CUS_A_266,7448.6169558974525,2,15.610087066217194
CUS_A_249,5607.472566441434,3,12.026484663666022
CUS_A_705,5909.014927018459,5,23.771456649067872
CUS_A_230,3904.450052424295,1,27.567248716210656
CUS_A_69,4032.3203680923134,4,7.0447885392754515
CUS_C_29,512898.799061059,7,53.700611152689554
CUS_A_62,3340.4975389909578,4,13.165606507922895
CUS_C_130,411199.4122975799,7,46.29417237599217
CUS_C_134,522209.9163645336,10,53.216785413765
CUS_A_523,5855.898002889739,4,24.475191570380577
CUS_A_132,3406.544429410843,2,27.64234213206266
CUS_A_366,5336.138722715625,4,20.97192150788668
CUS_A_581,4377.068129148798,1,25.633525684137915
CUS_C_177,495956.07510672696,6,44.494480682915125
CUS_A_352,6286.489434803029,1,30.312624596215727
CUS_A_331,3654.1184427712524,1,16.24104474952408
CUS_C_37,422713.51066546334,7,38.85953549838007
CUS_A_453,5756.069773276767,2,28.553066862909624
CUS_C_100,598627.1088394905,6,54.24066861518451
CUS_B_335,61695.899924277735,46,76.70805484350255
CUS_A_73,7346.965483721009,1,20.91679959889578
CUS_A_308,5820.646071755057,2,8.185337822290808
CUS_A_172,4884.3474358788435,3,26.448763770413727
CUS_A_452,3521.410930496684,4,24.75153795986788
CUS_A_162,6737.893368511106,5,26.19141535716818
CUS_A_702,3943.484464185861,1,16.792592023885238
CUS_C_145,514635.77410709264,6,45.51775383699851
CUS_A_433,6076.313383693943,3,17.822568147150783
CUS_B_179,61925.075124779745,42,95.89820799384647
CUS_A_273,5015.349591529381,4,18.644381994787157
CUS_B_57,52439.531979085004,30,86.66667129424246
CUS_C_104,613572.4872711399,13,52.810092502818065
CUS_A_357,4567.012041619792,4,22.26185898124867
CUS_B_88,41648.57098369977,39,75.1450785771426
CUS_A_176,5019.502837816861,3,18.954883713569874
CUS_B_133,47529.742992540036,49,81.7177054653642
CUS_B_265,56170.059495766975,43,76.8345543059499
CUS_A_119,6127.899549030161,4,16.216024557152696
CUS_B_451,59184.544439424135,21,86.1753612386934
CUS_A_719,4914.581564418399,3,21.066468536864694
CUS_B_299,42415.04665299931,33,83.35687977619294
CUS_A_637,5109.976950782606,4,21.196234320555746
CUS_A_250,3108.674068497432,3,22.568000532848583
CUS_A_791,5311.531530744667,4,26.019422185844082
CUS_C_86,608252.8033903302,9,58.721970000729776
CUS_A_402,5007.865549577275,5,21.41643935773071
CUS_A_256,6900.366723779935,5,28.30629607273935
CUS_A_706,3079.3559712555752,3,25.944566857373214
CUS_B_360,52942.24129013494,37,71.69164943324822
CUS_A_267,2854.787933059051,4,15.8655982298007
CUS_A_74,1070.3823438653835,4,19.923450754135022
CUS_A_290,4687.816624464087,2,11.924340920472453
CUS_B_459,54329.598253606964,37,88.4649466006972
CUS_C_19,449262.0253407074,11,57.640297815728594
CUS_C_80,415867.06529386574,15,62.753907379990146
CUS_A_690,4458.55075127138,1,25.620563599930065
CUS_A_150,5375.739275518815,3,18.756544369082263
CUS_B_327,40824.971789857365,43,75.10266466276144
CUS_A_483,5305.195453800835,5,22.75742688020234
CUS_B_294,40362.41073789389,35,64.391185087691
CUS_A_207,5770.678926368313,4,20.922756515985185
CUS_A_82,7216.841067112275,2,17.783588744042447
CUS_A_450,4905.981354090242,1,14.73158790426823
CUS_B_368,56820.520657126195,27,76.32727751824807
CUS_A_660,4139.506989679646,2,21.885501969510933
CUS_B_452,37542.82623553615,37,83.53045721359396
CUS_A_404,4324.901792781135,5,22.933469007376374
CUS_B_212,56504.50092536139,27,83.8882903153411
CUS_A_149,5445.477009849779,2,21.412899752441497
CUS_B_430,50858.9300629333,44,82.27000818929201
CUS_C_17,522473.69564161537,7,40.521072827310135
CUS_B_375,57426.82418359722,43,76.67226457642113
CUS_A_535,5071.098006974621,1,20.384259414793842
CUS_A_214,4527.096133039481,2,23.89180538083319
CUS_B_38,50224.658928120465,34,92.50311014806559
CUS_B_209,55225.14105265758,33,95.10150125872153
CUS_A_729,3832.542911896531,2,19.030869306135983
CUS_B_19,66426.72953255964,27,77.4300578710567
CUS_C_84,525298.2776727933,9,62.18194711754256
CUS_A_400,2608.3585118084493,5,17.676913513508033
CUS_A_238,4007.320302847418,4,18.138966119644735
CUS_A_174,5415.036198995029,2,19.307720080081133
CUS_B_456,47829.8294957563,21,84.82598000457115
CUS_A_473,7050.311401166788,4,26.57457226792024
CUS_A_339,4154.413170794038,2,25.400240328573243
CUS_A_232,5068.35775985572,3,14.879065878353975
CUS_C_173,506596.39833859785,11,46.73303786813636
CUS_C_192,576509.7599431676,9,36.11457446168789
CUS_B_99,65334.33701296325,50,81.72317204365031
CUS_B_12,34462.41233983936,49,79.35520200562591
CUS_A_289,4065.9507202691093,4,19.821792588512583
CUS_B_308,49165.620302096395,40,93.19584715459136
CUS_C_67,415632.7826444645,13,50.72874098015515
CUS_A_374,8229.773686267334,5,26.58557533669933
CUS_A_288,5421.487801602549,5,22.332149912167633
CUS_A_286,4772.322357446625,5,21.467789660833148
CUS_B_326,38774.551937555865,37,76.1315081292277
CUS_A_108,5386.325586084146,5,18.173392243439455
CUS_A_99,4648.11929993728,5,21.49646290203246
CUS_A_644,4631.385403871083,2,13.852252027737915
CUS_C_155,479319.2167185179,14,58.232799156777055
CUS_A_280,5170.276017876872,5,20.33495358612436
CUS_A_317,4534.599865109816,3,16.00403996674873
CUS_A_183,5723.708622864778,2,22.223013341100703
CUS_C_97,459858.7778024579,6,53.076126681891964
CUS_A_196,3674.2138456983002,3,28.634819256167027
CUS_B_340,55720.57441714144,29,80.33060505816495
CUS_A_543,7162.35293098685,1,20.094248114724238
CUS_A_558,5591.678213567446,1,20.799281959987002
CUS_A_571,7514.655968412924,4,18.749767427005235
CUS_B_126,58823.33062323409,27,74.24934089913016
CUS_C_21,520822.30190507264,11,43.67244970114961
CUS_A_210,5856.3357660397505,3,30.307517883181987
CUS_B_141,43995.76434261295,36,91.78136540600785
CUS_A_521,5815.040288569902,2,22.54362511614967
CUS_B_81,37424.22141085384,45,72.72253266414533
CUS_A_683,5734.061841841877,5,25.668850484335323
CUS_C_167,594864.4347386556,8,54.71542380418206
CUS_B_385,73638.7249461936,23,84.12502470755165
CUS_A_436,7442.923318356938,2,23.694052404437514
CUS_C_4,442332.47447020205,6,48.20906714983844
CUS_A_57,4536.181436223178,5,25.953231373931708
CUS_A_664,3930.7313259842535,1,11.134837658965592
CUS_B_170,58868.873900973005,23,89.7846645367626
CUS_A_675,3833.2749686136867,2,21.427770374288286
CUS_A_711,4854.930332194412,5,15.59062674386141
CUS_B_493,67586.20484195133,24,78.30666414455058
CUS_A_682,4213.21960058034,3,19.025458598236597
CUS_A_613,3311.7664290524353,2,18.522598409854197
CUS_A_294,5535.523228947571,1,21.002845986154714
CUS_C_2,583819.6513604101,11,50.34027411072232
CUS_B_449,47049.100857620935,33,88.46982823907103
CUS_A_665,5159.6453415378455,4,26.309607503569957
CUS_A_180,5938.501021647509,5,28.34952252175703
CUS_A_98,5007.670184963691,1,23.710476860046533
CUS_B_309,35503.5478030147,31,88.5648844798335
CUS_A_691,6738.9947050463725,2,24.737632310614288
CUS_A_163,3768.976522472434,3,20.106357883680307
CUS_C_184,557679.5171658463,13,52.571989703559275
CUS_A_579,6715.631064810394,3,11.687540059821629
CUS_A_639,3057.3818419045756,4,15.403077042067883
CUS_A_363,5602.567583148412,2,32.94781821009307
CUS_B_436,53674.816654743045,33,76.65672363387287
CUS_A_246,4287.582033258565,4,21.615838570923906
CUS_C_74,520024.06932531646,12,51.78694716810475
CUS_A_542,5794.706266872924,2,19.507059338578692
CUS_A_758,3712.46332972818,2,15.887900338088997
CUS_B_62,48967.45239850953,49,74.25664887401919
CUS_C_143,436184.7791730832,11,53.2910677871013
CUS_A_708,1877.105888174417,3,21.757241037707914
CUS_B_223,58876.55425873836,20,57.342755215115446
CUS_A_743,5039.136575316251,4,17.541819071839765
CUS_A_4,4648.769937914996,3,21.942893022654822
CUS_C_44,525139.2213447597,12,54.44773807831595
CUS_B_328,60176.614668435024,42,83.92966132329597
CUS_A_624,7389.779939959095,3,28.66257499742546
CUS_C_131,553197.0493780428,11,36.51952888059833
CUS_A_133,5710.388645952772,4,22.53917878144812
CUS_B_262,56934.78911913994,25,75.55562576410507
CUS_B_471,50033.75506597161,27,95.52973949170999
CUS_B_91,51847.40578895724,24,76.00215859078696
CUS_A_399,6856.724467960193,1,25.93839694230782
CUS_A_772,5948.611608583282,4,21.312806645009626
CUS_A_135,7324.90160752631,5,25.36253668654901
CUS_A_71,7307.054849698954,5,21.959020027012734
CUS_B_53,35324.7473424756,23,73.3019005516024
CUS_A_42,4826.5275764176395,1,13.951526285794461
CUS_A_139,3153.703525349067,4,10.16821705311999
CUS_B_254,56988.284202025345,30,83.40391946592185
CUS_A_274,3527.7370234280734,2,19.89316352825782
CUS_A_47,6585.683339328374,1,27.45363068424976
CUS_B_192,56663.12500909212,24,79.0183285312342
CUS_B_15,40979.48445642489,37,75.60367780323573
CUS_B_303,60352.49334723753,24,84.6683544240951
CUS_B_2,45467.51590976986,38,84.5850225059296
CUS_A_490,4988.041038025074,5,16.941154545473573
CUS_A_138,6220.275826054505,5,14.775954029894832
CUS_B_481,56511.36241823657,48,90.84354240884397
CUS_B_87,51517.579922487406,45,63.03439877891947
CUS_A_509,3753.5748253834436,2,16.240153341305906
CUS_B_384,60729.78047766012,21,87.80249966782384
CUS_A_136,3825.120061495644,2,18.175236352285573
CUS_A_471,1547.1182528966228,4,24.764372736014693
CUS_C_118,599577.6651102367,5,54.968735905075974
CUS_B_78,65805.40686568373,27,63.303783851183454
CUS_B_215,40019.39372685587,26,76.23100278545697
CUS_B_395,67193.77906207296,27,94.6369616137287
CUS_B_412,57903.718960517115,34,73.81872443783341
CUS_A_396,2430.2982063636837,5,15.48149069634936
CUS_B_136,57441.91971499937,29,86.95323673997517
CUS_A_789,2508.5585997260127,5,18.41963571986475
CUS_B_117,37067.27042128836,29,82.86762894567696
CUS_A_181,3714.2636653755762,2,21.973357649114906
CUS_B_480,40041.84605209771,27,72.6698071954902
CUS_A_306,6916.497343682638,1,22.182799020788337
CUS_A_652,4596.6669641677545,1,25.428931624696737
CUS_A_164,6445.064193866483,5,21.544165062994818
CUS_B_438,59218.01501977252,47,71.43318065052449
CUS_B_383,47906.86180420638,25,75.9887828249149
CUS_B_219,81099.18556005361,37,68.82305451909608
CUS_A_445,6004.508823245058,1,18.253416019409013
CUS_B_446,55555.12646342248,49,80.09999457525801
CUS_C_110,521798.7694750023,7,48.18550930752483
CUS_A_728,4190.360479535958,2,24.147374209658743
CUS_B_166,35488.24309948441,45,73.40388670777861
CUS_B_200,57833.90509282595,24,72.38465231982211
CUS_A_349,4679.829272432229,3,17.981757683790015
CUS_A_689,5666.39496722906,2,18.05740773455557
CUS_B_89,70895.38721694774,36,83.66149268842841
CUS_C_172,479408.83155181713,9,48.49679539728128
CUS_B_231,43827.46813453077,30,76.89183379853593
OUTLIER_2,930309.0,60,91.0
CUS_A_228,3927.0444361100476,5,19.586596570786504
CUS_B_199,54620.60893251897,34,78.30232824079079
CUS_A_170,3665.728355561715,4,23.766708105522664
CUS_C_96,421150.17589045013,13,48.59624941094663
CUS_B_55,50508.87701856018,47,75.68701837480818
CUS_B_188,39127.54061137197,20,85.85993682223842
CUS_B_46,56728.6123596682,22,82.36499590997676
CUS_A_630,2461.303055427771,3,16.061081240458805
CUS_B_413,53400.512945688904,43,86.64153449490088
CUS_A_327,6187.494040944404,4,19.61081401493599
CUS_B_380,42367.138958214186,21,71.9822638485862
CUS_A_319,4804.785418448473,1,15.233356958706437
CUS_B_66,50208.86488295962,36,75.75028564313921
CUS_B_281,32926.42042407053,44,94.54449538046259
CUS_A_79,2018.6466280986606,5,19.20735213486515
CUS_B_457,46915.172115441805,46,82.3852677279242
CUS_C_180,464149.1925436032,14,51.81062742771083
CUS_A_146,3144.5739336828774,5,24.302367441798726
CUS_A_80,4670.4921682437325,3,19.86347730245034
CUS_A_497,4714.491982874588,2,23.80027981844801
CUS_A_202,6624.576864762916,4,12.371718427149526
CUS_A_634,3481.8434371097487,3,10.103500948121061
CUS_C_51,581423.4277386161,9,72.12531039397243
CUS_A_158,3213.044754196027,1,21.998439758763208
CUS_B_31,40056.50625391488,36,93.63284413004394
CUS_B_9,49242.357134645405,30,71.96756322526392
CUS_A_790,5644.427328698879,4,23.07885574885571
CUS_A_335,4779.413927746792,5,12.808610108413166
CUS_A_427,6029.077189997659,4,24.23710838575211
CUS_A_647,4918.557700223281,2,19.47025822847932
CUS_A_293,6274.403145531537,1,15.948737814928094
CUS_A_721,2434.7474110150615,5,15.914556844659046
CUS_C_52,485780.76751967455,13,46.39960731243017
CUS_A_307,4112.642916746255,5,24.519674205430977
CUS_A_61,4721.511535004274,4,24.67159955619637
CUS_A_617,6088.649935848038,3,21.84821096099047
CUS_A_465,4668.545600700166,5,23.38937659765454
CUS_A_440,5576.098173408961,5,17.32018277442976
CUS_B_103,55885.532697707196,45,93.79757319808887
CUS_A_582,5949.172799159427,5,14.54516784892401
CUS_A_72,4946.260941335073,2,12.605442156129357
CUS_B_321,58297.32417879174,48,82.01178887152409
CUS_A_590,5107.349355829088,1,17.18915986710849
CUS_B_127,45479.0966716692,46,85.96004250301824
CUS_A_269,5196.110865929137,5,21.83682753408089
CUS_A_623,7018.130069232467,5,20.714715473818533
CUS_B_287,55017.82736167545,30,81.12287895878437
CUS_A_195,5577.9760695932555,5,18.135834239541165
CUS_A_343,4239.585236943305,2,24.263868375611096
CUS_C_73,508887.5053134016,7,46.06470144030271
CUS_A_495,5808.3650655269885,5,19.584472136856526
CUS_B_439,54826.87887209213,26,95.29135269711779
CUS_B_90,33923.38972881941,22,58.01996125819812
CUS_C_160,353527.56549988664,8,56.6470274533311
CUS_B_114,68043.48109786744,40,76.39989713603349
CUS_C_129,520910.2877943986,6,48.406377678540935
CUS_A_59,6463.317690683539,1,12.575510157750482
CUS_B_73,55576.910607251244,43,72.90655262173235
CUS_C_71,597662.9568763284,6,49.16282040150788
CUS_B_139,63213.04032273012,34,87.64240446590202
CUS_A_23,2862.877720679815,4,22.373491164399763
CUS_B_406,45068.77177600228,49,81.48140429463932
CUS_A_627,4811.3196198505275,1,22.504222374722286
CUS_C_147,469293.8717495842,10,30.31076857583917
CUS_A_568,2193.8121184612164,4,25.002911590214893
CUS_A_502,2902.148639271288,5,21.5958725520959
CUS_C_153,459751.67595737195,11,49.88907996051398
CUS_A_510,5405.685238669758,4,18.40473032166691
CUS_A_443,4866.3199407308175,4,29.190918383975614
CUS_A_107,5261.866719247759,3,20.682676655413687
CUS_B_381,50379.37835447602,24,73.98051810117572
CUS_A_616,5164.092191907339,4,25.865623187933206
CUS_B_163,59216.501119244596,32,78.10755770224843
CUS_A_569,4472.729773938037,2,16.646898954616777
CUS_A_567,3487.8705336238936,3,24.595770868050007
CUS_B_150,50142.73067836434,49,82.59245622577248
CUS_B_420,79490.94425308725,28,85.88497597796598
CUS_B_496,49468.793469824544,23,91.34825076118429
CUS_B_83,54663.58374446334,35,74.65776354824891
CUS_A_186,5709.856436860317,4,19.32991416663541
CUS_C_166,584786.1438905433,14,32.28931446911909
CUS_B_243,58491.02110743144,35,81.36371016797257
CUS_A_94,4411.837770301763,1,23.389629356696346
CUS_B_494,53721.05472606863,45,74.97812875132395
CUS_A_506,4111.409113641696,1,19.199336022166797
CUS_C_163,481184.9637537502,12,45.02429161614793
CUS_A_48,5515.427434352692,1,20.743337286010558
CUS_C_30,555193.8671658129,15,48.762673199002435
CUS_A_155,3928.4728729604485,1,25.867369287426627
CUS_A_264,4621.14777291026,3,19.499229617600236
CUS_C_158,493617.2659240905,6,40.2463397272175
CUS_B_157,34357.583882889485,25,86.21925882211609
CUS_A_83,4222.594672589529,3,15.575986429865495
CUS_A_221,2199.102211112378,4,24.776526042852552
CUS_A_724,5256.298157191913,3,11.96220067815513
CUS_A_528,5389.583752582223,4,18.657346760470837
CUS_B_315,51768.20872139398,39,65.04146928374269
CUS_A_503,5844.453855035857,3,26.70225223011572
CUS_A_212,6431.002645239803,4,25.120312629057313
CUS_B_70,46248.03619676063,47,83.26885846161414
CUS_A_713,5598.704171528107,1,16.275486775967757
CUS_B_468,41317.072681236335,24,72.76308500004987
CUS_B_227,54977.43089091394,35,76.2947091033168
CUS_B_193,54625.91292853951,50,80.74697899421321
CUS_A_462,3950.4117380111215,2,20.947908082993717
CUS_A_104,4758.071432500987,2,22.299860714695583
CUS_A_279,4422.02960470736,1,18.593362214408934
CUS_B_311,39960.42627918501,23,82.89133853818483
CUS_A_412,2698.8287438965667,3,22.569539248294575
CUS_A_391,5737.8787572597585,4,27.606580259612258
CUS_A_629,6641.287277706423,3,17.28663100132989
CUS_A_474,7467.451570251926,1,28.199822646856965
CUS_A_552,6751.673092489711,5,19.833850046777695
OUTLIER_6,459021.0,97,28.0
CUS_A_188,3729.8094228973923,5,16.075508434588798
OUTLIER_4,275048.0,61,16.0
CUS_A_636,6234.755875942872,5,14.636284871300967
CUS_A_441,4950.95787785886,5,24.040288991405724
CUS_B_0,44918.598023526894,33,79.74848663700179
CUS_B_489,38880.329742258364,23,87.01164516402349
CUS_A_219,5122.811209079484,2,17.733859753363625
CUS_A_145,6172.734307665965,2,24.078686062696484
CUS_A_658,5297.127141151783,2,23.107859449280255
CUS_C_36,545688.5810692792,6,41.88999136371155
CUS_B_206,50853.18142565024,25,64.73753953698088
CUS_A_681,3306.422343174156,2,19.243633581732443
CUS_A_137,4516.907725691487,2,15.803951663304968
CUS_A_540,6253.5381680977125,2,14.54800461278577
CUS_B_369,64872.46155335927,41,74.44319704669485
CUS_A_29,4562.459375310085,5,13.440818838249202
CUS_A_797,6022.2510460589365,5,8.51909523431381
CUS_A_727,5521.372558042506,4,15.300484494455677
CUS_C_193,533246.358115087,14,33.9972889549629
CUS_A_562,6306.687055147539,5,24.847286002633684
CUS_C_90,555295.0212178654,11,59.33128072341069
CUS_A_362,4836.859777314714,2,25.936930257823754
CUS_A_666,4617.534173868717,5,15.471338495686904
CUS_C_10,555041.0699211303,11,61.94762861876938
CUS_B_64,48241.45595567929,21,89.43780166688568
CUS_A_514,4134.843004147501,3,29.50595342876504
CUS_A_508,5072.78244191724,4,21.065983141188447
CUS_A_742,4062.7721334564817,1,21.048297076373128
CUS_A_598,4333.560109885832,3,19.867971215205365
CUS_A_787,5688.770118842655,2,20.986578537027977
CUS_A_589,3715.8742611366993,5,26.97841905394978
CUS_B_260,45211.62543991596,22,93.87949260669447
CUS_B_401,49545.88782067762,39,64.95991972873789
CUS_B_252,50070.631586281765,38,89.27259251964718
CUS_B_156,69764.40584515486,22,89.64795613237453
CUS_A_213,5977.086876958697,1,22.962634746005914
CUS_B_408,37434.93105720744,26,81.77831884640683
CUS_B_329,52714.95310825648,30,77.13576496202411
CUS_A_386,5512.633963665739,3,18.04120925478089
CUS_C_7,453103.72117318003,15,57.3463754545933
CUS_C_103,574455.6554164145,15,36.84184183572493
CUS_A_328,5936.179725578233,1,19.09760043204687
CUS_C_35,541737.5663162441,7,49.64992389993764
CUS_A_53,5917.514433261302,2,20.85208111187744
CUS_A_12,5362.943407349051,2,21.336961570359513
CUS_A_499,2925.800403553496,1,12.712242502675348
CUS_B_198,45355.957376906124,22,80.57629489026996
CUS_A_216,3840.7621781936423,2,15.909005582888465
CUS_B_86,46801.52476745156,26,62.09415013340022
CUS_A_757,5277.254185542311,4,20.76177436016861
CUS_C_94,543081.8062248972,9,40.83679080926581
CUS_B_214,60519.47617722918,48,88.66152843109658
CUS_B_458,74267.16486345523,39,85.10928134914482
CUS_B_344,55646.059258936,26,83.78777519228183
CUS_A_401,4100.937465569341,2,21.005798279364196
CUS_A_152,3979.9629176322637,3,22.454874758191256
CUS_A_783,5915.878617925735,1,24.631077011207964
CUS_A_130,2674.004853400801,3,20.285065624485423
